team1_form,team2_form,head_to_head,venue_win_rate_t1,venue_win_rate_t2,venue_avg_score,toss_advantage,season,target
0.5,0.5,0.5,0.5,0.5,322.702024291498,1,2008,0
0.5,0.5,0.5,0.5,0.5,322.702024291498,0,2008,0
0.5,0.5,0.5,0.5,0.5,322.702024291498,0,2008,1
1.0,0.5,0.5,0.5,0.5,322.702024291498,0,2008,1
0.5,0.0,0.5,0.5,0.5,322.702024291498,1,2008,0
0.0,0.0,0.5,0.5,0.5,322.702024291498,0,2008,1
0.0,1.0,0.5,0.5,0.5,322.702024291498,1,2008,0
1.0,0.0,0.5,0.5,0.5,322.702024291498,0,2008,1
0.0,0.5,0.5,0.0,0.5,285.0,0,2008,0
0.0,0.0,0.5,0.0,0.5,447.0,0,2008,1
1.0,1.0,0.5,1.0,0.5,410.0,0,2008,1
0.5,0.6666666666666666,0.5,0.0,0.5,304.0,0,2008,0
0.0,0.0,0.5,0.5,0.5,322.702024291498,0,2008,0
0.3333333333333333,1.0,0.5,0.5,0.5,372.5,0,2008,1
0.3333333333333333,1.0,0.5,0.0,0.5,288.5,0,2008,0
0.6666666666666666,0.0,0.5,1.0,0.5,222.0,1,2008,0
0.6666666666666666,0.25,0.5,1.0,0.5,261.0,0,2008,1
0.75,0.5,0.5,1.0,0.5,334.0,1,2008,1
0.25,0.5,0.5,0.0,0.5,358.0,0,2008,0
1.0,0.75,0.5,1.0,0.5,354.5,1,2008,0
0.2,0.2,0.5,0.0,0.5,306.6666666666667,0,2008,1
0.6,0.4,0.5,0.6666666666666666,0.5,355.0,1,2008,1
0.2,0.8,0.5,0.0,0.5,309.0,0,2008,1
0.8,0.8,0.5,1.0,0.5,340.5,0,2008,1
0.4,0.8,0.5,0.25,0.5,307.25,0,2008,0
0.6,0.2,0.5,0.6666666666666666,0.5,350.0,0,2008,0
0.4,1.0,0.5,0.5,0.5,302.0,1,2008,1
0.6,0.4,1.0,1.0,0.5,316.5,0,2008,0
0.2,0.2,1.0,0.5,0.5,248.5,1,2008,1
0.8,0.4,1.0,1.0,0.5,300.0,1,2008,1
0.4,1.0,1.0,0.5,0.5,335.5,0,2008,1
0.4,0.2,0.0,0.0,0.5,349.0,0,2008,0
0.8,0.4,0.0,1.0,0.5,295.25,1,2008,1
0.8,0.2,1.0,0.75,0.5,353.0,0,2008,1
0.4,0.4,0.5,0.6666666666666666,0.5,250.0,1,2008,1
0.6,0.4,0.0,0.0,0.5,331.0,1,2008,1
0.2,0.2,1.0,0.6666666666666666,0.5,336.0,0,2008,1
0.8,0.6,1.0,0.5,0.5,322.5,1,2008,1
0.8,0.2,1.0,1.0,0.5,299.2,0,2008,1
0.2,0.8,0.0,0.75,0.5,346.0,1,2008,0
0.6,0.4,0.0,0.75,0.5,248.25,1,2008,0
0.2,1.0,1.0,0.0,0.5,358.0,1,2008,0
0.2,0.2,0.0,0.2,0.5,296.4,0,2008,0
0.6,0.8,0.0,0.6,0.5,239.4,0,2008,0
0.6,0.0,1.0,0.6,0.5,337.2,0,2008,0
1.0,0.8,0.0,0.6666666666666666,0.5,260.0,1,2008,0
0.8,0.2,1.0,0.8,0.5,339.8,1,2008,1
0.4,0.8,0.0,0.6,0.5,319.2,1,2008,1
0.6,0.8,0.0,0.5,0.5,320.6666666666667,0,2008,0
0.0,0.2,0.0,0.0,0.5,352.6,1,2008,0
0.4,0.8,0.0,0.5,0.5,249.0,0,2008,1
1.0,0.6,0.0,1.0,0.5,304.1666666666667,1,2008,1
0.0,0.4,1.0,0.0,0.5,349.8333333333333,1,2008,0
0.8,1.0,0.0,0.8333333333333334,0.5,342.0,0,2008,1
0.4,0.4,1.0,0.16666666666666666,0.5,299.0,0,2008,0
0.6,0.8,0.5,0.5,0.5,289.25,1,2008,0
0.4,0.8,1.0,0.0,1.0,287.2,0,2008,1
0.6,0.8,0.0,0.5,0.0,270.3333333333333,0,2008,0
0.4,0.4,0.5,0.5,0.5,322.702024291498,1,2009,0
0.4,0.8,0.0,0.5,0.5,311.0,1,2009,1
0.0,0.4,0.0,0.5,0.5,251.0,0,2009,1
0.6,0.6,0.0,0.5,0.5,235.66666666666666,1,2009,1
0.6,0.4,0.5,0.5,0.5,322.702024291498,0,2009,0
0.4,0.2,0.5,0.5,0.5,322.702024291498,0,2009,0
0.6,0.2,1.0,1.0,1.0,217.25,0,2009,0
0.6,0.6,0.5,0.5,0.5,237.0,0,2009,0
0.4,0.2,0.0,0.5,0.0,303.0,1,2009,0
0.4,0.4,0.5,0.5,0.5,315.6666666666667,1,2009,1
0.2,0.8,0.0,0.0,0.5,266.0,1,2009,0
0.4,0.4,0.5,0.0,0.0,257.6666666666667,1,2009,1
0.4,0.6,0.5,0.0,1.0,317.75,0,2009,0
0.4,0.4,0.0,0.5,0.5,282.5,0,2009,0
0.8,0.4,0.3333333333333333,0.5,0.5,322.702024291498,1,2009,0
0.2,0.4,0.0,0.0,1.0,321.0,0,2009,1
0.4,0.6,1.0,0.5,0.0,314.5,1,2009,1
0.2,0.4,0.0,0.5,1.0,290.0,0,2009,1
0.8,0.6,0.0,0.5,0.0,290.0,0,2009,0
0.2,0.6,0.0,0.5,0.5,322.702024291498,0,2009,0
0.2,0.6,0.0,0.5,0.6666666666666666,303.14285714285717,1,2009,1
0.8,0.2,0.0,0.5,0.5,282.3333333333333,1,2009,0
0.4,0.8,0.3333333333333333,0.5,0.5,322.702024291498,0,2009,1
0.4,0.6,0.5,0.5,0.5,308.0,0,2009,1
0.6,0.2,0.3333333333333333,0.5,0.0,282.5,0,2009,1
0.6,0.6,0.3333333333333333,0.5,0.5,287.0,1,2009,1
0.8,0.4,0.6666666666666666,0.5,0.5,300.5,1,2009,0
0.6,0.0,0.0,1.0,0.5,305.3333333333333,0,2009,1
0.4,0.4,0.6666666666666666,0.0,0.5,292.6666666666667,1,2009,1
0.6,0.6,0.3333333333333333,0.5,0.5,287.25,0,2009,0
0.6,0.6,1.0,1.0,0.5,272.2,1,2009,1
0.6,0.4,0.5,0.5,1.0,282.5,0,2009,1
0.4,0.4,0.0,0.5,0.5,322.702024291498,0,2009,0
0.8,0.8,0.25,0.5,0.5,337.0,0,2009,1
0.6,0.0,0.5,0.0,0.5,303.5,1,2009,1
0.6,0.2,0.6666666666666666,0.0,1.0,287.4,0,2009,0
0.2,0.6,0.0,0.0,0.0,309.0,1,2009,1
0.6,0.0,0.3333333333333333,0.0,0.5,286.6666666666667,1,2009,1
0.4,0.4,1.0,0.0,0.0,295.57142857142856,1,2009,0
0.4,0.8,0.0,1.0,1.0,305.9,1,2009,0
0.6,1.0,0.3333333333333333,0.6666666666666666,0.0,308.45454545454544,0,2009,1
0.4,0.6,0.5,0.0,1.0,304.5,0,2009,0
0.8,0.4,0.3333333333333333,0.5,0.5,322.702024291498,0,2009,0
0.4,0.0,0.3333333333333333,0.5,0.0,285.0,1,2009,1
0.8,0.4,0.3333333333333333,1.0,1.0,289.1666666666667,0,2009,1
0.6,0.4,0.0,1.0,0.5,295.25,1,2009,0
0.8,0.6,0.25,0.0,0.5,243.0,1,2009,1
0.8,0.0,1.0,1.0,0.0,288.75,1,2009,0
0.6,0.8,0.0,1.0,0.5,289.6,0,2009,1
0.2,0.4,0.0,0.3333333333333333,1.0,303.2307692307692,1,2009,1
0.6,0.6,1.0,0.0,0.4,296.07142857142856,1,2009,1
0.6,0.4,0.6666666666666666,0.5,0.5,298.55555555555554,1,2009,1
0.6,0.4,0.6666666666666666,0.5,0.5,301.8,1,2009,1
0.6,0.4,1.0,0.6666666666666666,0.3333333333333333,304.1818181818182,0,2009,0
0.8,0.6,0.5,1.0,1.0,286.1666666666667,1,2009,1
1.0,0.4,0.75,1.0,0.5,287.42857142857144,1,2009,0
0.6,0.4,0.5,1.0,0.5,284.5,1,2010,0
0.4,0.2,0.3333333333333333,0.5,0.5,322.702024291498,1,2010,1
0.6,0.4,0.75,0.8571428571428571,0.0,350.42857142857144,0,2010,0
0.6,0.8,0.5,0.5714285714285714,0.0,263.2857142857143,1,2010,1
0.4,0.4,0.5,0.42857142857142855,1.0,333.7142857142857,0,2010,0
0.2,0.6,0.6,0.5,0.5,322.702024291498,0,2010,0
0.8,0.4,0.3333333333333333,0.625,1.0,264.25,0,2010,0
0.6,0.4,0.25,0.14285714285714285,1.0,291.7142857142857,0,2010,1
0.6,0.4,0.75,0.6666666666666666,0.0,325.1666666666667,1,2010,0
0.6,0.2,0.25,0.25,1.0,306.125,1,2010,1
0.6,0.4,0.5,0.5714285714285714,1.0,327.0,1,2010,0
0.6,0.4,0.0,0.5,0.5,322.702024291498,0,2010,1
0.0,0.8,0.5,0.0,0.5,283.0,1,2010,1
0.4,0.6,0.5,1.0,0.5,420.0,1,2010,0
0.8,0.4,0.2,1.0,0.5,334.0,1,2010,1
0.4,0.6,1.0,0.5,0.5,363.0,0,2010,1
0.6,0.4,0.6,0.3333333333333333,1.0,292.6666666666667,0,2010,1
0.0,0.2,0.5,0.75,0.0,342.625,1,2010,0
0.4,0.6,0.5,0.5,0.6666666666666666,345.6666666666667,0,2010,0
0.8,0.4,0.25,0.4,1.0,294.0,1,2010,0
0.4,0.8,0.75,0.5,0.5,292.5,0,2010,1
0.0,0.4,0.5,0.6666666666666666,0.0,341.77777777777777,0,2010,0
0.6,0.4,0.6,0.6666666666666666,0.5,294.6666666666667,1,2010,1
0.6,0.8,0.75,0.5,0.6666666666666666,289.8,1,2010,0
0.4,0.4,0.6666666666666666,0.5,0.5,333.0,1,2010,1
0.8,0.0,0.25,0.75,0.5,349.5,1,2010,1
0.2,0.8,0.3333333333333333,0.3333333333333333,1.0,330.6666666666667,0,2010,1
0.4,0.8,0.5,0.5555555555555556,0.0,330.8888888888889,1,2010,1
0.2,0.6,0.6,0.5555555555555556,0.0,265.22222222222223,1,2010,1
0.0,0.6,0.6,0.6,0.0,340.3,1,2010,0
0.8,0.4,0.4,0.8,0.5,345.0,1,2010,1
0.2,0.8,0.3333333333333333,0.4,1.0,329.9,1,2010,1
0.4,0.0,0.6,0.6,0.0,272.5,1,2010,0
0.6,0.6,0.8,0.6,0.0,328.7,1,2010,1
0.2,0.6,0.2,0.5,0.5,322.702024291498,0,2010,0
0.4,1.0,0.4,0.45454545454545453,0.0,342.54545454545456,1,2010,1
0.6,0.2,0.6,1.0,0.0,302.2857142857143,0,2010,1
0.4,0.8,0.25,0.5454545454545454,0.0,284.45454545454544,1,2010,1
0.4,0.0,0.6,0.36363636363636365,0.0,299.0,0,2010,0
0.2,0.8,0.6,0.5454545454545454,0.0,342.54545454545456,0,2010,1
0.2,0.6,0.6,0.0,0.5,316.0,0,2010,1
0.2,0.6,0.4,0.3333333333333333,1.0,304.9166666666667,1,2010,1
0.8,0.4,0.4,0.6363636363636364,1.0,328.90909090909093,1,2010,0
0.6,0.6,0.5,1.0,0.0,303.25,1,2010,0
0.4,0.4,0.5,0.5,0.5,296.5,0,2010,1
0.6,0.4,0.75,0.5,0.0,339.5,0,2010,1
0.6,0.6,0.4,0.8333333333333334,0.5,336.3333333333333,1,2010,1
0.4,0.4,0.6,0.8888888888888888,0.0,304.1111111111111,1,2010,0
0.8,0.4,0.6,0.5384615384615384,1.0,335.0769230769231,1,2010,0
0.6,0.6,0.8,0.5,0.5,322.702024291498,0,2010,0
0.4,0.6,0.6,0.38461538461538464,1.0,306.2307692307692,1,2010,0
0.4,0.4,0.2,0.5833333333333334,1.0,289.75,0,2010,1
0.6,0.6,0.0,0.0,0.5,352.0,0,2010,0
0.4,0.8,0.6666666666666666,0.5833333333333334,0.0,320.0833333333333,0,2010,0
0.4,0.6,0.0,0.6153846153846154,1.0,287.84615384615387,0,2010,1
0.4,0.6,0.5,0.5,0.75,292.0,0,2010,0
0.6,1.0,0.3333333333333333,0.0,0.3333333333333333,297.85714285714283,1,2010,1
0.4,0.8,0.42857142857142855,0.0,0.25,291.375,0,2010,1
0.6,0.8,0.5,0.5,0.8,277.6666666666667,1,2010,1
0.8,0.6,0.8,0.5,0.0,327.2142857142857,1,2011,1
0.6,0.4,0.16666666666666666,0.0,1.0,342.0,0,2011,0
0.5,0.4,0.5,0.5,0.5,322.702024291498,1,2011,0
0.2,0.6,0.5,0.5384615384615384,0.5,316.9230769230769,1,2011,0
0.5,0.4,0.5,0.5,0.5,281.3,0,2011,1
0.4,0.4,0.6666666666666666,0.6428571428571429,0.0,286.42857142857144,1,2011,1
0.6,0.6,0.42857142857142855,0.35714285714285715,1.0,307.57142857142856,0,2011,0
0.4,0.2,0.42857142857142855,0.8,0.0,299.9,0,2011,1
0.4,0.8,0.0,0.5833333333333334,1.0,340.0,1,2011,1
1.0,0.0,0.5,1.0,0.5,276.1818181818182,0,2011,1
0.2,0.4,0.5,0.0,1.0,334.0,0,2011,1
0.4,0.6,0.5,0.8181818181818182,0.0,300.1818181818182,0,2011,0
0.6,0.0,0.5,0.5,0.5,277.3333333333333,0,2011,0
0.2,0.4,0.3333333333333333,0.1111111111111111,1.0,332.1111111111111,0,2011,0
0.8,0.4,0.42857142857142855,0.5333333333333333,0.5,325.6666666666667,1,2011,1
0.8,0.4,0.42857142857142855,0.6666666666666666,0.5,288.46666666666664,1,2011,1
1.0,0.2,0.5,1.0,0.0,278.0833333333333,0,2011,0
0.3333333333333333,0.8,0.5,0.0,0.5,323.0,1,2011,1
0.4,0.2,0.5714285714285714,0.5,0.5,308.14285714285717,0,2011,0
0.6,0.6666666666666666,0.5,0.4,0.5,290.0,0,2011,1
0.8,0.5,0.5,0.6875,0.5,280.8125,1,2011,0
0.4,0.4,0.3333333333333333,0.6153846153846154,0.5,343.15384615384613,0,2011,1
0.6,0.6,0.42857142857142855,0.5,0.5,284.0,0,2011,1
0.6,0.4,0.5,0.6470588235294118,0.0,279.47058823529414,0,2011,0
0.2,0.6,0.3333333333333333,0.4666666666666667,1.0,308.93333333333334,0,2011,1
0.4,0.8,0.5,0.1,1.0,332.0,1,2011,0
0.4,0.6,0.5,0.75,0.5,301.75,1,2011,1
0.4,0.5,0.5,0.5625,0.5,326.875,0,2011,1
0.4,0.4,0.8333333333333334,0.5,0.0,316.6875,0,2011,0
0.4,0.4,0.0,0.6666666666666666,0.6666666666666666,285.6923076923077,1,2011,0
0.6,0.4,0.5,0.5,0.5,294.5,1,2011,0
0.4,0.6,0.6,0.47058823529411764,0.0,316.94117647058823,1,2011,0
0.4,0.8,0.4,0.7692307692307693,0.5,295.46153846153845,1,2011,1
0.4,0.2,0.5,0.3333333333333333,0.5,305.93333333333334,0,2011,1
0.6,0.6,0.5,0.6111111111111112,0.5,283.1666666666667,1,2011,1
0.6,0.4,0.5,0.3333333333333333,0.5,264.0,0,2011,0
0.4,0.0,0.5,0.7857142857142857,0.5,287.85714285714283,1,2011,1
0.6,0.6,0.42857142857142855,0.5882352941176471,1.0,322.88235294117646,1,2011,1
0.6,0.6,0.3333333333333333,0.5714285714285714,0.5,288.0,0,2011,1
0.4,0.4,1.0,0.4444444444444444,0.5,314.8333333333333,0,2011,0
0.4,0.6,0.2857142857142857,0.09090909090909091,1.0,329.72727272727275,1,2011,0
0.0,0.8,0.0,0.5,0.6666666666666666,285.7142857142857,1,2011,0
0.6,0.6,0.42857142857142855,0.6111111111111112,0.5,322.22222222222223,0,2011,1
0.4,0.6,1.0,0.25,0.5,267.0,0,2011,1
0.4,0.4,0.5,0.08333333333333333,1.0,328.75,0,2011,0
0.6,0.4,0.5,0.375,0.5,307.8125,0,2011,1
0.6,0.8,0.16666666666666666,0.631578947368421,1.0,280.8421052631579,0,2011,1
0.8,0.4,0.5714285714285714,0.625,0.0,288.7,0,2011,1
0.8,0.4,1.0,0.4117647058823529,0.5,308.8235294117647,0,2011,1
0.2,0.0,0.0,0.6428571428571429,0.5,343.07142857142856,1,2011,0
0.6,0.8,0.5,0.8,0.0,287.8,1,2011,0
0.0,0.8,0.5714285714285714,0.6,0.0,336.1333333333333,0,2011,1
0.2,0.2,0.5,0.07692307692307693,0.5,330.6923076923077,1,2011,0
0.6,1.0,0.5,0.75,0.5,290.375,0,2011,0
0.8,0.4,0.5,0.631578947368421,1.0,320.8421052631579,1,2011,1
0.4,0.2,0.5,0.5,0.5,322.702024291498,0,2011,0
1.0,0.8,0.5714285714285714,0.4444444444444444,0.5,305.72222222222223,1,2011,1
0.6,0.2,0.5714285714285714,0.6666666666666666,0.5,291.90909090909093,0,2011,0
0.4,0.4,0.5714285714285714,0.0,0.5,369.5,0,2011,1
0.4,0.4,0.0,0.0,0.5,359.0,1,2011,1
0.4,0.2,1.0,0.4,0.2,286.6,0,2011,0
0.6,1.0,0.42857142857142855,0.3333333333333333,0.5,350.0,1,2011,1
0.8,0.6,0.0,0.65,0.5,321.5,1,2011,1
0.4,0.6,0.5,0.3333333333333333,1.0,285.8125,0,2011,0
0.6,0.2,0.5,0.6,1.0,289.25,1,2011,0
0.8,0.4,0.7142857142857143,0.5,1.0,350.75,1,2011,0
0.8,0.8,0.5,0.47368421052631576,0.5,299.8421052631579,1,2011,1
0.6,0.4,0.16666666666666666,0.65,0.5,275.55,0,2011,0
0.8,0.6,0.5555555555555556,1.0,0.3333333333333333,287.53846153846155,0,2011,0
0.4,0.4,0.8571428571428571,0.5454545454545454,0.0,292.14285714285717,1,2011,1
0.6,0.4,0.375,0.3333333333333333,0.0,320.14285714285717,0,2011,1
0.8,0.6,0.5,0.6666666666666666,0.5,320.45454545454544,1,2011,1
0.8,0.4,0.5,0.6818181818181818,0.0,321.82608695652175,0,2012,0
0.4,0.2,0.5,0.6190476190476191,0.0,279.23809523809524,0,2012,0
0.6,0.4,1.0,0.5833333333333334,0.0,292.3333333333333,1,2012,0
0.2,0.8,0.5714285714285714,0.7058823529411765,0.0,290.7647058823529,0,2012,1
0.6,0.6,0.5,0.5,0.5,322.702024291498,1,2012,0
0.4,0.2,0.2857142857142857,0.5,1.0,297.7,0,2012,1
0.4,0.6,1.0,0.5,0.5,322.702024291498,1,2012,1
0.4,0.2,0.375,0.7222222222222222,0.5,294.1111111111111,0,2012,1
0.6,0.6,0.5,0.0,0.5,312.0,1,2012,0
0.6,0.2,0.625,0.5238095238095238,0.3333333333333333,297.5238095238095,1,2012,0
0.2,0.6,0.42857142857142855,0.4,1.0,300.2,1,2012,1
0.6,0.6,0.42857142857142855,0.5384615384615384,1.0,288.4375,0,2012,1
0.6,0.4,0.5454545454545454,0.6521739130434783,0.4,317.875,0,2012,1
0.4,0.4,0.0,0.625,1.0,330.75,1,2012,1
0.2,0.6,0.4444444444444444,0.5909090909090909,0.3333333333333333,275.5,0,2012,1
0.4,0.6,0.0,1.0,0.5,310.0,0,2012,1
0.4,0.4,0.5714285714285714,0.6086956521739131,0.3333333333333333,275.17391304347825,1,2012,0
0.4,0.6,0.5714285714285714,0.5,0.5,297.09090909090907,0,2012,0
0.6,0.4,0.625,0.5714285714285714,0.0,293.05882352941177,0,2012,0
0.2,0.6,1.0,0.4782608695652174,0.0,298.5652173913044,0,2012,1
0.6,0.6,0.8571428571428571,0.7368421052631579,0.0,294.7368421052632,0,2012,1
0.4,0.4,0.5,0.6470588235294118,0.5,324.88235294117646,1,2012,0
0.4,0.6,0.6666666666666666,0.6666666666666666,0.0,321.68,0,2012,1
0.6,0.4,0.5555555555555556,0.42857142857142855,0.6666666666666666,296.42857142857144,0,2012,1
0.4,0.4,0.5,0.6111111111111112,0.5,320.77777777777777,0,2012,0
0.6,0.6,0.5555555555555556,0.68,0.3333333333333333,321.4230769230769,0,2012,1
0.8,0.4,0.5,0.45454545454545453,0.0,297.45454545454544,1,2012,0
0.6,0.4,0.375,0.5333333333333333,0.3333333333333333,287.05555555555554,1,2012,0
0.2,0.6,0.25,1.0,0.5,333.0,0,2012,0
0.4,0.4,0.5,0.75,0.6666666666666666,299.65,1,2012,0
0.4,0.6,0.3333333333333333,1.0,0.5,310.5,1,2012,0
0.6,0.4,0.6666666666666666,0.5789473684210527,0.0,321.2105263157895,1,2012,0
0.4,0.0,0.5,0.6666666666666666,0.5,305.0,0,2012,0
0.8,0.6,0.4444444444444444,0.43478260869565216,0.6666666666666666,300.3478260869565,0,2012,1
0.6,0.4,0.75,0.6923076923076923,0.0,320.3703703703704,0,2012,0
0.8,0.6,0.4444444444444444,0.5833333333333334,0.3333333333333333,274.7916666666667,1,2012,1
0.8,0.4,0.5,0.4583333333333333,0.0,303.5416666666667,1,2012,1
0.4,0.2,0.5555555555555556,0.5,1.0,289.1578947368421,1,2012,1
0.6,0.8,0.7142857142857143,0.6666666666666666,0.0,319.82142857142856,1,2012,0
0.2,0.2,0.6666666666666666,0.6666666666666666,0.5,306.3333333333333,1,2012,1
0.4,0.8,0.4444444444444444,0.7142857142857143,0.0,301.1904761904762,1,2012,0
0.6,0.4,0.5555555555555556,0.5,0.3333333333333333,301.4583333333333,0,2012,0
0.2,0.4,0.3333333333333333,0.5,0.5,312.75,0,2012,0
0.4,0.4,0.5555555555555556,0.6428571428571429,0.6666666666666666,318.41379310344826,1,2012,1
0.8,0.2,1.0,0.6,0.5,277.12,1,2012,1
0.6,0.2,0.375,0.55,0.3333333333333333,322.1,0,2012,0
0.6,0.4,0.4444444444444444,0.48,0.5,302.24,1,2012,1
0.6,0.6,0.5555555555555556,0.5294117647058824,0.5,284.75,1,2012,1
0.8,1.0,0.5714285714285714,0.48,0.5,303.52,1,2012,0
0.4,0.6,0.375,0.07142857142857142,1.0,326.57142857142856,1,2012,0
0.0,0.2,0.0,0.4,0.5,298.0,1,2012,0
0.8,0.6,0.5555555555555556,0.5555555555555556,0.5,287.7142857142857,0,2012,0
0.4,0.4,0.4,0.6818181818181818,0.5,300.45454545454544,0,2012,0
0.2,0.8,0.4,0.06666666666666667,1.0,325.8,1,2012,0
0.0,0.6,0.0,0.3333333333333333,0.5,290.1666666666667,1,2012,0
1.0,0.6,0.125,0.6153846153846154,0.6666666666666666,277.7307692307692,0,2012,0
0.4,0.8,0.5,0.6551724137931034,0.6666666666666666,318.1333333333333,1,2012,1
0.4,0.0,1.0,0.6521739130434783,0.0,298.39130434782606,1,2012,1
0.6,0.2,0.6666666666666666,0.5238095238095238,0.0,321.57142857142856,0,2012,1
0.8,0.6,0.375,0.5925925925925926,0.6666666666666666,279.9259259259259,0,2012,0
0.6,0.8,0.5,0.5,1.0,304.6923076923077,0,2012,0
0.6,0.8,0.375,0.46153846153846156,0.6666666666666666,303.65384615384613,0,2012,1
0.8,0.6,0.8888888888888888,0.5263157894736842,0.0,287.5,1,2012,0
0.6,0.6,0.625,0.48148148148148145,0.3333333333333333,302.6296296296296,1,2012,0
0.6,0.8,0.2222222222222222,0.4,1.0,343.4,1,2012,1
0.0,0.6,0.125,0.0625,1.0,329.1875,0,2012,1
0.6,0.4,0.5555555555555556,0.5,0.0,326.6666666666667,0,2012,0
0.0,0.6,0.0,0.2857142857142857,0.5,293.14285714285717,0,2012,0
0.2,0.8,0.5,0.11764705882352941,0.5,324.7647058823529,0,2012,1
0.6,0.6,0.5,0.6666666666666666,0.3333333333333333,298.25,1,2012,0
0.6,0.6,0.5,1.0,1.0,286.25,0,2012,0
0.6,0.6,0.4,0.3333333333333333,1.0,306.14814814814815,0,2012,1
0.4,0.8,0.4444444444444444,0.5,0.6666666666666666,315.258064516129,1,2012,0
0.6,0.8,0.3333333333333333,0.25,0.6774193548387096,316.59375,0,2012,1
0.8,0.4,0.5555555555555556,0.5714285714285714,0.3333333333333333,281.2857142857143,1,2013,1
0.6,0.6,0.45454545454545453,0.48148148148148145,0.8,307.2142857142857,0,2013,1
0.4,0.0,0.75,0.16666666666666666,1.0,320.8888888888889,0,2013,1
0.6,0.4,0.45454545454545453,0.65625,0.25,318.57575757575756,0,2013,0
0.2,0.4,0.6,0.4642857142857143,0.0,306.42857142857144,0,2013,0
0.0,0.6,0.75,0.25,0.0,288.44444444444446,1,2013,0
0.4,1.0,0.4,0.64,0.3333333333333333,299.32,0,2013,1
0.4,0.6,0.4166666666666667,0.5,0.3333333333333333,307.3103448275862,0,2013,1
0.4,0.2,0.5,0.5,0.3333333333333333,285.7826086956522,1,2013,1
0.6,0.4,0.3,0.5454545454545454,0.5,324.40909090909093,0,2013,0
0.0,0.6,0.0,0.2222222222222222,1.0,279.5,0,2013,1
0.6,0.8,0.5,0.5172413793103449,0.5,307.8333333333333,1,2013,1
0.0,0.6,0.6363636363636364,0.4482758620689655,0.5,307.0689655172414,1,2013,0
0.6,0.6,0.5833333333333334,0.6363636363636364,0.3333333333333333,317.6470588235294,1,2013,1
0.6,0.2,0.75,0.5238095238095238,0.5,289.4583333333333,1,2013,1
0.6,0.6,0.7777777777777778,0.5862068965517241,0.0,280.44827586206895,1,2013,1
0.4,0.4,0.6666666666666666,0.6538461538461539,0.0,298.15384615384613,1,2013,1
0.6,0.2,0.75,0.6470588235294118,0.0,318.0285714285714,0,2013,0
0.4,0.6,0.4444444444444444,0.5217391304347826,0.6666666666666666,322.3478260869565,0,2013,1
0.6,0.6,0.4444444444444444,0.6666666666666666,0.5,296.3703703703704,1,2013,1
0.4,0.4,0.2,0.5,0.5,322.702024291498,1,2013,0
0.0,0.4,0.4,0.43333333333333335,0.6666666666666666,304.46666666666664,0,2013,0
0.4,0.4,0.3,0.2,1.0,315.05,0,2013,1
0.4,0.6,0.4,0.6,0.75,281.5,1,2013,0
0.4,0.8,0.5555555555555556,0.5161290322580645,0.6666666666666666,308.65625,1,2013,1
0.0,0.6,0.45454545454545453,0.41935483870967744,0.5,302.7741935483871,0,2013,1
0.4,0.4,0.4,0.5416666666666666,0.5,321.8333333333333,1,2013,1
0.8,0.6,0.6363636363636364,0.6285714285714286,0.25,317.3611111111111,0,2013,1
0.2,0.4,0.5,0.4375,0.5,303.5,0,2013,0
0.6,0.4,1.0,0.53125,0.0,306.57575757575756,0,2013,1
0.2,0.6,0.2,0.5806451612903226,0.75,280.258064516129,1,2013,0
0.8,0.6,0.6,0.6388888888888888,0.5,318.81081081081084,0,2013,1
0.2,0.6,0.5,0.5625,0.5,281.53125,0,2013,1
0.4,0.6,0.7777777777777778,0.6785714285714286,0.0,295.4642857142857,0,2013,1
0.6,0.6,0.5,0.5454545454545454,0.6666666666666666,290.88,1,2013,1
0.8,0.4,0.6363636363636364,0.6486486486486487,0.4,318.8157894736842,0,2013,1
0.2,0.2,0.5,0.5,0.5,322.702024291498,0,2013,1
0.6,0.4,0.4,0.6896551724137931,0.75,295.2758620689655,1,2013,1
0.6,0.6,0.4,0.5652173913043478,0.5,292.38461538461536,1,2013,1
0.2,1.0,0.4,0.3,0.0,280.72727272727275,0,2013,0
0.4,0.2,0.4,1.0,0.5,313.0,0,2013,1
0.4,0.6,0.4,0.23809523809523808,1.0,311.95238095238096,0,2013,1
1.0,0.4,0.6363636363636364,0.6578947368421053,0.3333333333333333,320.53846153846155,1,2013,1
0.0,0.4,0.0,0.2727272727272727,1.0,281.5833333333333,0,2013,0
0.2,0.6,0.45454545454545453,0.5757575757575758,0.25,282.06060606060606,0,2013,1
0.6,0.6,0.4166666666666667,0.2727272727272727,1.0,309.54545454545456,0,2013,1
0.6,1.0,0.5833333333333334,0.5833333333333334,0.4,294.2962962962963,1,2013,1
0.4,0.0,0.75,0.7,0.0,296.9,0,2013,1
0.4,0.6,0.5,0.56,0.6666666666666666,323.8,1,2013,1
0.8,0.4,0.8181818181818182,0.6,0.3333333333333333,291.57142857142856,1,2013,1
0.6,0.6,0.45454545454545453,0.7096774193548387,0.3333333333333333,298.93548387096774,0,2013,1
0.6,0.8,0.36363636363636365,0.30434782608695654,1.0,303.0869565217391,1,2013,0
0.4,0.8,0.3,0.5769230769230769,0.5,326.11538461538464,0,2013,0
0.0,0.4,0.0,0.25,1.0,287.38461538461536,0,2013,0
0.4,0.4,0.5,0.42424242424242425,0.5,301.6060606060606,1,2013,0
0.0,0.8,0.2,0.23076923076923078,1.0,285.2857142857143,1,2013,0
0.2,0.4,0.6363636363636364,0.5555555555555556,0.0,324.85185185185185,1,2013,0
0.4,0.4,0.45454545454545453,0.5,0.5,322.702024291498,1,2013,1
0.8,0.8,0.3333333333333333,0.71875,0.6666666666666666,299.25,1,2013,1
0.8,0.6,0.5454545454545454,0.6153846153846154,0.5,291.0,0,2013,1
0.6,0.4,0.6363636363636364,0.6666666666666666,0.4,321.45,1,2013,1
0.4,0.2,0.45454545454545453,0.5454545454545454,0.5,309.20588235294116,0,2013,0
0.8,0.8,0.5,0.6296296296296297,0.6666666666666666,293.3666666666667,0,2013,1
0.6,0.0,1.0,1.0,0.5,231.0,1,2013,0
0.4,0.2,0.5454545454545454,0.42857142857142855,0.5,320.85714285714283,0,2013,1
0.6,0.8,0.2,0.2916666666666667,0.6666666666666666,305.8333333333333,1,2013,1
0.6,1.0,0.5454545454545454,0.5,0.5,322.625,0,2013,1
0.4,0.6,0.38461538461538464,0.5294117647058824,0.5,310.37142857142857,0,2013,1
0.2,0.0,0.2,0.21428571428571427,0.5,281.46666666666664,1,2013,1
0.6,0.6,0.2,0.32,1.0,303.56,0,2013,1
0.4,0.8,0.38461538461538464,0.75,0.4,303.38235294117646,1,2013,1
0.6,0.6,0.7272727272727273,0.25,0.6,304.3142857142857,0,2013,1
0.6,0.6,0.5454545454545454,0.8,0.2,281.55882352941177,0,2013,1
0.6,0.6,0.42857142857142855,0.8,0.8333333333333334,283.0571428571429,0,2013,0
0.6,0.4,0.8333333333333334,0.5,0.5,322.702024291498,0,2014,0
0.0,0.4,0.45454545454545453,0.5,0.5,322.702024291498,0,2014,0
0.6,0.4,0.25,0.5,0.5,285.0,0,2014,0
0.4,0.6,0.6666666666666666,0.5,0.5,276.5,1,2014,0
0.6,0.0,0.5454545454545454,0.5,0.5,322.702024291498,1,2014,0
0.6,0.4,0.46153846153846156,0.5,0.5,333.0,1,2014,1
0.4,0.8,0.7272727272727273,0.5,0.5,291.0,0,2014,0
0.4,0.2,0.6666666666666666,0.0,0.5,321.3333333333333,1,2014,1
1.0,0.4,0.5833333333333334,1.0,0.5,337.5,0,2014,1
0.4,0.4,0.38461538461538464,0.5,0.5,282.0,1,2014,0
0.6,0.4,0.5,1.0,0.5,329.6666666666667,1,2014,0
0.4,0.2,0.46153846153846156,0.5,1.0,279.0,1,2014,1
0.6,0.4,0.4,1.0,0.0,300.25,0,2014,1
0.4,1.0,0.5454545454545454,1.0,1.0,306.25,1,2014,0
0.4,0.6,0.45454545454545453,1.0,0.5,293.2,1,2014,1
0.2,0.4,0.5,0.0,0.5,321.75,0,2014,1
0.4,0.6,0.3333333333333333,0.0,0.5,307.6,1,2014,0
1.0,0.6,0.5833333333333334,0.5,1.0,296.8,1,2014,1
0.2,0.2,0.5833333333333334,0.0,1.0,289.1666666666667,1,2014,0
0.8,0.4,0.6666666666666666,0.5,0.5,282.0,1,2014,1
0.0,1.0,0.4166666666666667,0.6428571428571429,0.4,294.16129032258067,0,2014,1
0.4,0.4,0.5,0.4117647058823529,0.4,303.27777777777777,0,2014,0
0.4,0.4,0.46153846153846156,0.5428571428571428,0.25,306.97222222222223,1,2014,1
0.4,1.0,0.3076923076923077,0.4,0.8,303.4054054054054,0,2014,0
0.4,0.2,0.38461538461538464,0.75,0.0,305.25,0,2014,1
0.2,0.4,0.5,0.6551724137931034,0.5,295.53125,0,2014,1
0.2,0.2,0.5,0.3888888888888889,0.6666666666666666,304.86842105263156,1,2014,0
0.8,1.0,0.3076923076923077,0.0,0.5,319.5,0,2014,1
0.6,0.4,0.7692307692307693,0.8,0.0,310.2,1,2014,0
0.2,0.8,0.38461538461538464,0.5555555555555556,0.6,307.13513513513516,1,2014,0
0.2,0.6,0.5,0.3783783783783784,0.5,305.28205128205127,0,2014,0
0.4,0.8,0.5625,0.6666666666666666,0.3333333333333333,297.3333333333333,0,2014,0
0.8,0.2,0.5,0.5,1.0,339.2,0,2014,0
0.2,0.6,0.5,0.5405405405405406,0.5,308.63157894736844,1,2014,0
0.6,0.4,0.46153846153846156,0.34615384615384615,0.6666666666666666,301.96153846153845,1,2014,0
0.8,0.6,0.6428571428571429,1.0,0.5,275.3333333333333,0,2014,1
0.2,0.2,0.5,0.5263157894736842,0.5,310.4871794871795,0,2014,1
0.4,0.6,0.23076923076923078,1.0,0.5,332.5,1,2014,1
0.6,0.6,0.38461538461538464,0.3333333333333333,0.75,302.51851851851853,0,2014,0
0.6,0.0,0.5384615384615384,0.6666666666666666,1.0,297.8333333333333,0,2014,1
0.4,0.6,0.2727272727272727,0.32142857142857145,0.6666666666666666,306.57142857142856,1,2014,0
0.8,0.4,0.5714285714285714,1.0,0.0,280.75,1,2014,0
0.0,0.6,0.4166666666666667,0.3684210526315789,0.6,302.325,0,2014,0
0.6,0.6,0.4166666666666667,0.7142857142857143,0.5,303.85714285714283,0,2014,0
0.4,0.4,0.42857142857142855,0.3103448275862069,0.25,305.9310344827586,0,2014,1
0.8,0.6,0.3076923076923077,0.5882352941176471,0.6666666666666666,282.77777777777777,1,2014,1
0.8,0.6,0.5384615384615384,0.5357142857142857,0.25,322.89285714285717,0,2014,0
1.0,0.4,0.5384615384615384,0.6,0.25,283.5135135135135,0,2014,1
0.4,0.4,0.6923076923076923,0.6666666666666666,0.5,280.6,0,2014,0
0.6,0.0,0.46153846153846156,0.6451612903225806,0.25,297.9117647058824,0,2014,1
0.6,0.4,0.3333333333333333,0.5172413793103449,0.6,322.62068965517244,0,2014,1
1.0,0.4,0.75,0.6111111111111112,0.0,285.5263157894737,1,2014,1
0.4,0.4,0.4666666666666667,0.5384615384615384,0.4,311.625,0,2014,0
0.6,0.0,0.6153846153846154,0.5333333333333333,0.5,323.26666666666665,1,2014,1
0.8,0.4,0.6153846153846154,0.65625,0.5,298.85714285714283,1,2014,1
0.8,1.0,0.46153846153846156,0.4,0.6216216216216216,286.43589743589746,1,2014,0
0.4,0.8,0.47058823529411764,0.0,0.8571428571428571,335.0,1,2014,1
0.4,0.6,0.5714285714285714,0.42857142857142855,0.3333333333333333,301.22222222222223,1,2014,0
1.0,0.6,0.5714285714285714,0.4,0.6666666666666666,311.6829268292683,1,2014,1
1.0,0.8,0.2857142857142857,0.631578947368421,0.8571428571428571,286.725,1,2015,1
0.4,0.0,0.7142857142857143,0.675,0.3333333333333333,321.0,0,2015,1
0.6,0.2,0.38461538461538464,0.5,0.5,227.0,1,2015,0
1.0,0.4,0.5714285714285714,0.6410256410256411,0.2,287.9756097560976,0,2015,0
0.6,0.4,0.6428571428571429,0.6829268292682927,0.4,320.4761904761905,1,2015,1
0.0,0.4,0.42857142857142855,0.358974358974359,0.5,302.9756097560976,0,2015,0
0.6,0.4,0.5,0.6666666666666666,0.42857142857142855,304.64864864864865,1,2015,0
0.4,0.4,0.4666666666666667,0.525,0.2,313.76190476190476,0,2015,0
0.4,0.4,0.35714285714285715,0.625,1.0,307.25,0,2015,1
0.4,0.0,0.6428571428571429,0.0,0.5,262.5,1,2015,0
0.6,0.6,0.2857142857142857,0.0,0.5,296.0,0,2015,0
0.2,0.8,0.5,0.6470588235294118,0.375,305.4736842105263,1,2015,0
0.4,0.8,0.4,0.0,0.5,286.3333333333333,0,2015,0
0.4,0.2,0.5333333333333333,0.0,0.5,283.3333333333333,0,2015,0
0.8,0.8,0.3333333333333333,0.6666666666666666,0.0,309.6666666666667,0,2015,1
0.2,0.0,0.4666666666666667,0.5121951219512195,0.6666666666666666,314.3255813953488,1,2015,0
0.4,0.8,0.46153846153846156,0.35,0.75,304.57142857142856,0,2015,0
0.2,0.8,0.23076923076923078,0.0,0.5,295.0,0,2015,1
0.2,0.6,0.4375,0.5,0.5,316.27272727272725,1,2015,0
0.4,0.2,0.5,0.34146341463414637,0.3333333333333333,304.30232558139534,0,2015,1
0.8,0.2,0.5384615384615384,0.6363636363636364,0.5,318.45454545454544,0,2015,0
0.8,0.2,0.5333333333333333,0.6904761904761905,0.25,321.69767441860466,1,2015,1
0.2,0.4,0.5714285714285714,0.6285714285714286,0.3333333333333333,307.1794871794872,1,2015,1
0.6,0.4,0.38461538461538464,0.35714285714285715,0.6,305.1818181818182,0,2015,0
0.2,0.4,0.6428571428571429,0.5483870967741935,0.3333333333333333,320.38709677419354,1,2015,0
0.8,0.6,0.6428571428571429,0.6976744186046512,0.3333333333333333,320.90909090909093,0,2015,1
0.4,0.8,0.3333333333333333,0.625,0.5714285714285714,289.5952380952381,1,2015,1
0.4,0.4,0.6,0.6388888888888888,0.4,306.85,0,2015,1
0.6,0.0,0.4,0.3488372093023256,0.6666666666666666,302.7111111111111,1,2015,1
0.4,0.6,0.3333333333333333,0.3333333333333333,1.0,306.43333333333334,0,2015,1
0.4,0.6,0.4666666666666667,0.4772727272727273,0.5,314.1521739130435,1,2015,1
0.0,0.6,0.5333333333333333,0.53125,0.4,319.125,0,2015,0
0.2,0.6,0.6,0.0,0.0,336.75,0,2015,1
0.6,0.6,0.5882352941176471,0.7045454545454546,0.2857142857142857,319.68888888888887,1,2015,1
0.4,0.6,0.7142857142857143,0.6341463414634146,0.0,290.6279069767442,0,2015,1
0.8,0.4,0.4666666666666667,0.6486486486486487,0.2,308.2926829268293,0,2015,1
0.6,0.0,0.35714285714285715,0.4888888888888889,0.5714285714285714,312.27659574468083,0,2015,1
0.2,0.6,0.7333333333333333,0.5,0.0,339.77777777777777,1,2015,0
0.4,0.4,0.5714285714285714,0.6428571428571429,0.25,290.8181818181818,1,2015,1
0.6,0.8,0.5263157894736842,0.7111111111111111,0.4,318.6521739130435,1,2015,0
0.2,0.6,0.5,1.0,0.5,293.0,0,2015,0
0.6,0.0,0.625,0.6511627906976745,0.3333333333333333,291.6666666666667,0,2015,1
1.0,0.6,0.5625,0.6578947368421053,0.4,308.2142857142857,0,2015,0
0.4,0.2,0.625,0.6956521739130435,0.2,318.6170212765957,1,2015,1
0.8,0.0,0.4,0.3548387096774194,0.8,308.2258064516129,1,2015,1
0.2,0.4,0.26666666666666666,0.6666666666666666,0.5,302.0,0,2015,1
0.0,0.6,0.6,0.5151515151515151,0.5,319.1818181818182,0,2015,1
0.8,0.8,0.6666666666666666,0.6410256410256411,0.25,311.06976744186045,0,2015,1
0.8,0.6,0.5,0.375,0.2,310.0,1,2015,0
0.2,0.4,0.375,0.5294117647058824,0.6666666666666666,315.38235294117646,1,2015,0
0.2,0.6,0.42857142857142855,0.3333333333333333,0.0,345.3,1,2015,1
0.6,0.8,0.4,0.36363636363636365,0.75,307.2121212121212,1,2015,0
0.6,0.8,0.5,0.4444444444444444,0.65,311.65909090909093,0,2015,0
0.6,0.4,0.4666666666666667,0.5,1.0,293.25,1,2015,1
0.4,0.6,0.6111111111111112,0.5,0.5,296.1666666666667,1,2015,1
0.8,0.6,0.5238095238095238,0.75,0.5,293.30434782608694,0,2015,1
0.8,0.5,0.5,0.6585365853658537,0.5,312.4888888888889,1,2016,0
0.6,0.2,0.6,0.6590909090909091,0.2,294.78723404255317,1,2016,1
0.2,0.5,0.5,0.5142857142857142,0.5,313.9142857142857,0,2016,0
0.4,0.6,0.47058823529411764,0.48936170212765956,0.3333333333333333,309.7959183673469,0,2016,1
0.6,0.8,0.3125,0.6666666666666666,0.7777777777777778,292.75,0,2016,0
1.0,1.0,0.5,0.5,0.5,322.702024291498,0,2016,1
0.2,0.2,0.4375,0.36363636363636365,0.5714285714285714,301.2826086956522,1,2016,1
0.4,0.4,0.26666666666666666,0.35294117647058826,0.75,304.8529411764706,1,2016,0
0.8,1.0,0.5,0.6428571428571429,0.5,311.0652173913044,0,2016,0
0.6,0.4,0.5333333333333333,0.5,0.3333333333333333,311.78,0,2016,0
0.2,0.5,0.5,0.5,0.5,314.1666666666667,0,2016,1
0.2,0.6,0.375,0.34285714285714286,0.8,304.37142857142857,1,2016,1
0.4,0.4,0.35294117647058826,0.5135135135135135,0.5,313.9189189189189,0,2016,0
0.4,0.4,0.5294117647058824,0.627906976744186,0.5,310.6170212765957,1,2016,1
1.0,0.2,0.5,1.0,0.5,327.0,0,2016,0
0.3333333333333333,0.4,0.5,0.5,1.0,292.4,1,2016,0
0.6,0.4,0.5,0.37777777777777777,0.2857142857142857,299.63829787234044,0,2016,1
0.4,0.2,0.4375,0.3611111111111111,0.6666666666666666,303.8888888888889,1,2016,1
0.75,0.4,0.5,0.5,0.5,299.5,0,2016,1
0.25,0.6,0.5,0.0,1.0,303.1666666666667,0,2016,0
0.2,0.4,0.5,0.5,0.5,313.0,1,2016,0
0.6,0.2,0.5,0.3783783783783784,0.5,303.4864864864865,0,2016,0
0.6,0.8,0.5,0.391304347826087,0.5,300.0208333333333,1,2016,0
0.4,0.8,0.7058823529411765,0.6363636363636364,0.2,311.25,1,2016,1
0.2,0.8,0.0,0.0,0.5,305.85714285714283,0,2016,0
0.6,0.4,0.4444444444444444,0.3684210526315789,0.3333333333333333,301.07894736842104,0,2016,1
0.6,0.6,0.375,0.3829787234042553,0.8,300.8979591836735,0,2016,1
0.8,0.2,1.0,0.6666666666666666,0.5,320.3333333333333,1,2016,0
0.2,0.6,1.0,0.0,0.5,316.5,0,2016,0
0.2,0.6,0.5,0.4897959183673469,0.42857142857142855,313.1764705882353,0,2016,0
0.6,0.8,1.0,0.5,0.5,311.5,0,2016,0
0.6,0.4,0.6666666666666666,0.6521739130434783,0.2857142857142857,294.42857142857144,0,2016,1
0.8,0.2,0.5,0.3958333333333333,0.5,301.78,0,2016,0
0.8,0.6,1.0,0.38461538461538464,0.5,302.9230769230769,1,2016,1
0.2,0.4,1.0,0.48,0.5,314.34615384615387,1,2016,1
0.2,0.6,0.5294117647058824,0.48717948717948717,0.3333333333333333,314.02564102564105,0,2016,1
0.8,0.8,0.5882352941176471,1.0,0.2,291.4,1,2016,0
0.6,0.4,0.5,0.6595744680851063,0.5,294.96,0,2016,0
0.4,0.4,0.625,0.5,0.4,315.0,1,2016,0
0.4,0.8,1.0,0.5,0.3333333333333333,287.6666666666667,0,2016,0
0.4,0.6,0.4444444444444444,0.49019607843137253,0.7142857142857143,315.6981132075472,0,2016,0
0.8,0.4,0.5294117647058824,0.4,0.75,301.725,0,2016,0
0.8,0.4,0.5294117647058824,0.5,0.5,285.14285714285717,1,2016,0
0.4,0.4,0.0,0.4807692307692308,0.5,315.48148148148147,0,2016,1
0.4,0.2,1.0,0.6458333333333334,0.5,295.4901960784314,0,2016,1
0.6,0.6,0.47058823529411764,0.3333333333333333,1.0,280.875,0,2016,1
0.6,0.8,0.5294117647058824,0.4878048780487805,0.5,315.8292682926829,1,2016,0
0.6,0.6,0.5294117647058824,0.6530612244897959,0.3333333333333333,293.0576923076923,0,2016,0
0.2,0.4,1.0,0.0,0.5,286.55555555555554,1,2016,1
0.8,0.4,0.4117647058823529,0.49056603773584906,0.5,316.1454545454545,0,2016,1
0.2,0.6,1.0,0.5,0.5,322.702024291498,1,2016,1
0.2,0.8,0.5,0.75,1.0,286.25,1,2016,1
0.4,0.4,0.0,0.5,1.0,277.6,0,2016,1
0.4,0.6,1.0,1.0,0.5,249.0,1,2016,1
0.4,0.6,0.75,0.64,0.0,294.49056603773585,0,2016,1
0.4,0.8,0.375,0.8,0.5,292.8,0,2016,0
0.6,0.8,0.5,0.0,0.5,316.4107142857143,0,2016,0
0.4,0.4,0.23529411764705882,0.5714285714285714,0.6666666666666666,302.29411764705884,0,2016,1
0.6,0.4,0.0,1.0,0.625,302.28846153846155,0,2016,0
1.0,0.6,0.47368421052631576,0.509090909090909,0.2857142857142857,316.42105263157896,0,2016,0
0.6,0.8,0.5,0.3902439024390244,0.2857142857142857,301.5853658536585,0,2017,1
0.4,0.4,0.5,0.0,1.0,316.8888888888889,1,2017,1
0.4,0.4,1.0,0.4,0.5,309.0,0,2017,0
0.2,0.6,0.5,1.0,0.5,277.0,1,2017,1
0.6,0.4,0.5294117647058824,0.5,0.42857142857142855,318.0,1,2017,1
0.8,0.4,1.0,0.40476190476190477,0.0,303.42857142857144,1,2017,1
0.4,0.4,0.7222222222222222,0.6444444444444445,0.16666666666666666,312.0816326530612,1,2017,1
0.4,0.6,0.5555555555555556,1.0,0.5,293.6666666666667,0,2017,1
0.6,0.2,1.0,0.2,1.0,322.3,1,2017,0
0.4,1.0,0.5555555555555556,0.6521739130434783,0.25,313.0,1,2017,1
0.4,0.4,0.6842105263157895,0.6470588235294118,0.25,294.962962962963,1,2017,1
0.4,0.6,0.42105263157894735,0.5087719298245614,0.75,317.6779661016949,0,2017,0
0.2,0.6,1.0,0.3333333333333333,0.0,318.6666666666667,1,2017,1
0.4,0.4,0.4444444444444444,0.3877551020408163,0.5,302.7169811320755,1,2017,1
0.6,0.8,0.7222222222222222,0.6538461538461539,0.0,295.8,0,2017,1
0.2,0.4,1.0,0.5,0.0,317.1666666666667,1,2017,0
0.6,0.2,0.0,0.6595744680851063,1.0,313.078431372549,1,2017,1
0.6,0.6,0.4117647058823529,0.4,0.5714285714285714,303.1296296296296,1,2017,0
0.6,0.4,0.5,0.4186046511627907,0.5714285714285714,302.7674418604651,0,2017,1
0.2,0.2,0.3333333333333333,0.42857142857142855,0.0,322.14285714285717,1,2017,0
0.6,0.4,0.47368421052631576,0.4318181818181818,0.8,303.0,1,2017,1
0.4,0.8,0.5,1.0,0.5,294.75,0,2017,0
0.8,0.2,0.3333333333333333,0.660377358490566,1.0,296.35714285714283,0,2017,0
1.0,0.4,0.5,0.6666666666666666,0.16666666666666666,313.84615384615387,0,2017,1
0.4,0.6,0.5,0.16666666666666666,1.0,321.45454545454544,1,2017,1
0.4,0.2,0.5,0.375,1.0,332.5,1,2017,0
0.6,0.4,0.5,0.6481481481481481,0.42857142857142855,297.7368421052632,0,2017,1
1.0,0.4,0.3333333333333333,0.673469387755102,1.0,313.0188679245283,1,2017,0
0.6,0.8,0.0,0.2857142857142857,1.0,324.25,0,2017,0
0.2,0.4,0.75,0.4915254237288136,0.0,316.8032786885246,0,2017,0
0.8,0.4,0.6111111111111112,0.6545454545454545,0.16666666666666666,295.7068965517241,1,2017,1
0.2,0.4,0.47368421052631576,0.47619047619047616,0.6,316.85714285714283,1,2017,0
0.6,0.2,0.3333333333333333,0.25,1.0,327.46153846153845,0,2017,1
0.6,0.8,0.2631578947368421,0.4444444444444444,0.8,304.4222222222222,0,2017,1
0.2,0.2,0.5263157894736842,0.46511627906976744,0.25,318.51162790697674,1,2017,1
0.6,0.2,0.6,0.66,0.42857142857142855,313.0925925925926,0,2017,1
0.8,0.4,0.0,0.3333333333333333,1.0,322.14285714285717,1,2017,1
0.0,0.8,0.5,0.39215686274509803,0.6666666666666666,303.74545454545455,1,2017,1
0.6,0.8,1.0,0.6607142857142857,0.0,296.135593220339,0,2017,0
0.2,0.4,0.5,0.40384615384615385,0.5,305.0,1,2017,1
0.2,0.4,0.42105263157894735,0.48333333333333334,0.4444444444444444,316.03225806451616,1,2017,0
0.6,0.8,0.3333333333333333,0.45652173913043476,1.0,305.8478260869565,1,2017,0
0.4,0.6,0.47368421052631576,0.41509433962264153,0.25,307.05263157894734,1,2017,0
0.0,0.6,0.47368421052631576,0.47540983606557374,0.5,315.0952380952381,0,2017,0
0.6,0.2,0.6666666666666666,0.4772727272727273,1.0,314.34090909090907,0,2017,0
0.4,0.6,0.42105263157894735,0.44680851063829785,0.6666666666666666,305.3829787234043,0,2017,1
0.6,0.6,0.3,0.4666666666666667,0.6,315.8222222222222,0,2017,1
0.4,0.4,0.3333333333333333,1.0,0.5,297.0,0,2017,0
0.4,0.6,0.5263157894736842,0.6666666666666666,0.5,313.3454545454546,1,2017,0
0.6,0.8,0.3333333333333333,0.4074074074074074,1.0,306.55172413793105,1,2017,1
0.4,0.4,0.2631578947368421,0.6491228070175439,0.8,296.4166666666667,1,2017,0
0.2,0.6,0.0,0.6666666666666666,0.5,328.6666666666667,0,2017,0
0.8,0.0,0.3333333333333333,0.41818181818181815,0.6666666666666666,306.93220338983053,0,2017,0
0.8,0.8,0.3333333333333333,0.4,0.0,322.53333333333336,1,2017,1
0.6,0.8,0.25,0.6538461538461539,1.0,315.8392857142857,1,2017,0
0.6,0.2,0.3,0.375,0.5555555555555556,315.125,0,2017,0
0.4,0.4,0.75,0.7777777777777778,0.6,312.9846153846154,1,2017,1
0.4,0.8,0.2,0.5714285714285714,1.0,304.8125,1,2017,1
0.6,0.4,0.5454545454545454,0.6415094339622641,0.4,315.63157894736844,0,2018,0
0.2,0.4,0.45,0.375,0.6379310344827587,297.08196721311475,0,2018,0
0.6,0.6,0.45,0.2,0.4782608695652174,315.9130434782609,0,2018,0
0.4,0.4,0.6875,0.5,0.4583333333333333,303.83673469387753,0,2018,0
0.4,0.6,0.375,0.2857142857142857,0.7021276595744681,318.2708333333333,0,2018,0
0.2,0.4,0.625,0.7272727272727273,0.25,298.8181818181818,0,2018,1
0.6,0.6,0.55,0.625,0.46938775510204084,302.8,0,2018,0
0.6,0.2,0.6,0.5,0.46774193548387094,311.54545454545456,0,2018,0
0.4,0.4,0.55,0.6296296296296297,0.14285714285714285,315.94827586206895,0,2018,0
0.4,0.8,0.7142857142857143,0.6440677966101694,0.0,297.98387096774195,0,2018,0
0.4,0.4,0.4375,0.5,0.47619047619047616,311.5820895522388,0,2018,1
0.6,0.6,0.35294117647058826,0.48936170212765956,0.75,316.27659574468083,0,2018,1
0.4,0.4,0.631578947368421,0.6333333333333333,0.14285714285714285,297.6507936507937,0,2018,1
0.4,0.4,0.6190476190476191,0.6181818181818182,0.375,317.1864406779661,0,2018,1
0.6,0.4,0.4666666666666667,0.7352941176470589,0.25,296.29411764705884,0,2018,0
0.6,0.8,0.45,0.5,0.6666666666666666,317.8125,1,2018,1
0.6,0.4,0.6470588235294118,0.5,0.5,311.8125,0,2018,1
0.6,0.6,0.6666666666666666,0.639344262295082,0.2222222222222222,298.140625,0,2018,0
0.2,0.4,0.3157894736842105,0.375,0.46875,313.1029411764706,0,2018,0
0.6,0.6,0.625,0.6666666666666666,0.48,302.70588235294116,0,2018,1
0.4,0.4,0.625,0.4,0.7142857142857143,297.0571428571429,1,2018,0
0.8,0.2,0.5714285714285714,0.4444444444444444,0.4107142857142857,307.01666666666665,0,2018,1
0.6,0.2,0.47619047619047616,0.2,0.625,318.23333333333335,0,2018,1
0.4,0.8,0.3684210526315789,0.47692307692307695,0.5714285714285714,313.6376811594203,0,2018,0
0.6,0.8,0.5238095238095238,0.47058823529411764,0.5,303.8076923076923,0,2018,1
0.2,0.4,0.35,0.40350877192982454,0.625,306.60655737704917,0,2018,1
0.8,0.2,0.4782608695652174,1.0,0.5,313.70588235294116,0,2018,0
0.4,0.4,0.42857142857142855,0.4696969696969697,0.5454545454545454,315.04285714285714,0,2018,0
0.6,0.6,0.35294117647058826,0.0,0.7222222222222222,298.1111111111111,1,2018,1
0.6,0.4,0.6875,0.5,1.0,315.1111111111111,0,2018,1
0.2,0.4,0.36363636363636365,0.4626865671641791,0.8,315.5492957746479,0,2018,1
0.2,0.4,0.35294117647058826,0.41379310344827586,0.5714285714285714,307.83870967741933,0,2018,1
0.8,0.6,0.6470588235294118,0.4444444444444444,0.6290322580645161,298.4307692307692,0,2018,0
0.8,0.4,0.5,0.75,1.0,315.2,0,2018,0
0.4,0.6,0.35,0.6666666666666666,0.6666666666666666,320.05263157894734,0,2018,0
0.4,0.6,0.5238095238095238,0.6666666666666666,0.4807692307692308,302.811320754717,1,2018,0
0.2,0.6,0.6,0.0,0.6,321.0,0,2018,0
0.4,0.6,0.7619047619047619,0.6140350877192983,0.14285714285714285,316.37704918032784,0,2018,1
0.8,0.4,0.5238095238095238,0.49056603773584906,0.25,303.25925925925924,0,2018,1
0.2,0.6,0.5625,0.7027027027027027,0.0,297.9189189189189,1,2018,1
0.6,0.4,0.7727272727272727,0.8181818181818182,0.6349206349206349,299.3181818181818,0,2018,1
0.4,1.0,0.5,0.423728813559322,0.6,308.3809523809524,1,2018,0
0.6,0.4,0.6666666666666666,0.5,0.7105263157894737,298.0,1,2018,0
0.4,0.2,0.3,0.4166666666666667,0.7142857142857143,309.46875,0,2018,0
0.4,0.4,0.6363636363636364,0.5,0.6666666666666666,319.0,0,2018,1
0.8,0.4,0.5882352941176471,0.6206896551724138,0.3333333333333333,316.9032258064516,0,2018,0
1.0,0.4,0.35294117647058826,0.5,0.75,316.8,0,2018,0
0.2,0.4,0.5714285714285714,0.5714285714285714,0.0,336.5,0,2018,0
0.6,0.6,0.4375,0.16666666666666666,0.625,299.5970149253731,0,2018,0
0.6,0.2,0.5238095238095238,0.6101694915254238,0.5555555555555556,317.25396825396825,0,2018,1
0.6,0.8,0.4090909090909091,0.47058823529411764,0.3333333333333333,315.6111111111111,0,2018,1
0.2,0.6,0.29411764705882354,0.4098360655737705,0.8333333333333334,310.3692307692308,0,2018,1
0.6,0.6,0.47058823529411764,0.717948717948718,0.6,299.4102564102564,1,2018,1
0.6,0.6,0.3181818181818182,0.5,0.6666666666666666,302.96363636363634,1,2018,0
0.4,0.8,0.47619047619047616,0.41935483870967744,0.3333333333333333,310.06060606060606,1,2018,1
0.2,0.4,0.3888888888888889,0.0,0.8,318.8095238095238,0,2018,0
0.4,0.6,0.3333333333333333,0.3333333333333333,0.45454545454545453,318.0625,0,2018,0
0.6,0.8,0.47058823529411764,0.6307692307692307,0.14285714285714285,299.4117647058824,0,2018,1
0.2,0.8,0.30434782608695654,0.1111111111111111,0.6363636363636364,299.60869565217394,0,2018,1
0.2,0.6,0.3157894736842105,0.2857142857142857,0.5,317.46153846153845,0,2018,0
0.6,0.8,0.3333333333333333,0.25,0.7083333333333334,320.0816326530612,0,2019,0
0.2,0.8,0.3333333333333333,0.2,0.6268656716417911,300.1,0,2019,0
0.4,0.6,0.5,0.25,0.6166666666666667,318.09090909090907,0,2019,1
0.0,0.6,0.35294117647058826,0.0,0.725,299.375,0,2019,1
0.6,0.8,0.3333333333333333,0.42857142857142855,0.7142857142857143,310.46268656716416,1,2019,0
0.8,0.2,0.6521739130434783,0.6323529411764706,0.3,301.0,0,2019,1
0.4,0.6,0.6086956521739131,0.7272727272727273,0.4782608695652174,317.06849315068496,0,2019,1
0.4,0.2,0.6111111111111112,0.4,0.4909090909090909,303.7142857142857,1,2019,0
0.4,0.2,0.5454545454545454,0.5714285714285714,0.5102040816326531,318.8979591836735,0,2019,0
0.4,0.4,0.5217391304347826,0.5,0.2222222222222222,305.3859649122807,0,2019,1
1.0,0.2,0.631578947368421,0.7142857142857143,0.16666666666666666,316.5,0,2019,1
0.4,0.6,0.5909090909090909,0.52,0.16666666666666666,319.58,0,2019,1
0.2,0.2,0.4444444444444444,0.5,0.7073170731707317,300.7073170731707,0,2019,0
0.4,1.0,0.5416666666666666,0.6065573770491803,0.5384615384615384,319.14925373134326,0,2019,1
0.4,0.6,0.4782608695652174,0.4153846153846154,0.6363636363636364,311.3768115942029,0,2019,0
0.0,0.6,0.4090909090909091,0.4714285714285714,0.5833333333333334,317.7567567567568,0,2019,0
0.8,0.6,0.5789473684210527,0.72,0.2,317.0,1,2019,1
0.4,0.6,0.5,0.5555555555555556,0.5087719298245614,306.05172413793105,0,2019,1
0.0,0.2,0.6190476190476191,0.4647887323943662,0.3333333333333333,319.0,0,2019,0
0.2,0.6,0.3888888888888889,0.7142857142857143,0.4,301.2142857142857,0,2019,0
0.6,0.6,0.5454545454545454,0.5714285714285714,0.5294117647058824,319.54901960784315,0,2019,0
0.8,0.8,0.3888888888888889,0.25,0.7254901960784313,316.63461538461536,0,2019,0
0.6,0.6,0.4782608695652174,0.5,0.6129032258064516,318.9117647058824,0,2019,0
0.2,0.8,0.35,0.6976744186046512,0.4,300.69767441860466,0,2019,0
0.6,0.2,0.5909090909090909,0.6376811594202898,0.125,302.4861111111111,0,2019,0
0.8,0.2,0.5555555555555556,0.6190476190476191,0.42857142857142855,320.0144927536232,0,2019,0
0.6,0.0,0.5454545454545454,0.5384615384615384,0.5,319.1923076923077,0,2019,0
0.4,0.6,0.4583333333333333,0.5714285714285714,0.5,304.79661016949154,0,2019,1
0.4,0.8,0.3684210526315789,0.6285714285714286,0.4,303.24657534246575,0,2019,0
0.2,0.6,0.375,0.3333333333333333,0.609375,320.8,0,2019,0
0.4,0.4,0.3888888888888889,0.5283018867924528,0.5,319.7169811320755,0,2019,1
0.8,0.4,0.7,0.75,0.4915254237288136,304.23333333333335,1,2019,0
0.8,0.6,0.4782608695652174,0.3,0.4090909090909091,310.64285714285717,1,2019,1
0.2,0.4,0.391304347826087,0.3333333333333333,0.6197183098591549,303.5135135135135,0,2019,1
0.8,0.4,0.5263157894736842,0.3333333333333333,0.6818181818181818,300.8181818181818,0,2019,0
0.4,0.6,0.6086956521739131,0.5,0.40298507462686567,310.4366197183099,0,2019,0
0.4,0.8,0.3181818181818182,0.4583333333333333,0.625,318.7631578947368,0,2019,1
0.2,0.4,0.68,0.7142857142857143,0.5,303.655737704918,0,2019,0
0.4,0.8,0.6111111111111112,0.6888888888888889,0.2,301.31111111111113,0,2019,0
0.4,0.6,0.3333333333333333,0.3333333333333333,0.7307692307692307,314.79245283018867,0,2019,0
0.6,0.4,0.4782608695652174,0.4657534246575342,0.45454545454545453,318.7922077922078,0,2019,1
0.0,0.4,0.5263157894736842,0.6111111111111112,0.125,305.0133333333333,0,2019,0
0.6,0.6,0.56,0.5,0.7358490566037735,315.462962962963,0,2019,1
0.4,0.6,0.42105263157894735,0.25,0.6739130434782609,303.10869565217394,0,2019,0
0.0,0.6,0.21739130434782608,0.6027397260273972,0.8333333333333334,305.63157894736844,0,2019,1
0.8,0.8,0.3181818181818182,0.4117647058823529,0.75,310.69444444444446,1,2019,1
0.4,0.2,0.5217391304347826,0.5081967213114754,0.4444444444444444,303.9193548387097,0,2019,1
0.4,0.8,0.6842105263157895,0.7222222222222222,0.2857142857142857,314.5272727272727,0,2019,1
0.2,0.2,0.3333333333333333,0.5370370370370371,0.5,320.31481481481484,0,2019,0
0.6,0.6,0.5789473684210527,0.5,0.42028985507246375,311.3424657534247,1,2019,0
0.4,0.6,0.5416666666666666,0.3,0.4666666666666667,316.9240506329114,0,2019,0
0.4,0.4,0.25,0.125,0.6060606060606061,321.3888888888889,0,2019,0
0.4,0.2,0.6,0.6,0.5272727272727272,321.1818181818182,0,2019,0
0.4,0.4,0.4230769230769231,0.7272727272727273,0.5714285714285714,313.875,1,2019,0
0.2,0.8,0.52,0.42857142857142855,0.3333333333333333,283.72727272727275,0,2019,0
0.8,0.4,0.3,0.5,1.0,287.3333333333333,0,2019,0
0.6,0.4,0.5925925925925926,0.6,0.6,305.1111111111111,1,2019,1
0.6,0.4,0.6071428571428571,0.0,0.5,276.14285714285717,0,2020,0
0.6,0.2,0.44,0.5,1.0,297.875,0,2020,1
0.4,0.4,0.3333333333333333,0.0,1.0,304.8333333333333,0,2020,1
0.6,0.4,0.76,0.0,0.3333333333333333,282.625,0,2020,1
0.2,0.6,0.5,0.5,0.6666666666666666,299.8888888888889,0,2020,1
0.4,0.4,0.2857142857142857,0.3333333333333333,1.0,301.4,0,2020,1
0.2,0.4,0.34615384615384615,0.0,0.25,289.1111111111111,1,2020,0
0.4,0.6,0.42105263157894735,1.0,0.5,320.7142857142857,0,2020,0
0.0,0.6,0.5,0.0,0.0,288.9,0,2020,1
0.6,0.6,0.5,0.0,0.0,311.6666666666667,0,2020,1
0.6,0.4,0.5416666666666666,0.3333333333333333,1.0,290.72727272727275,0,2020,1
0.2,0.4,0.3181818181818182,0.6666666666666666,0.6666666666666666,311.61538461538464,1,2020,1
0.4,0.4,0.5,0.6666666666666666,0.0,294.3333333333333,1,2020,0
0.4,0.6,0.391304347826087,0.5,1.0,336.75,0,2020,1
0.4,0.2,0.38095238095238093,0.6666666666666666,0.5,312.2857142857143,1,2020,0
0.6,0.4,0.5,0.0,0.0,348.0,1,2020,1
0.4,0.6,0.34782608695652173,0.5,0.4,315.4,0,2020,1
0.6,0.4,0.5,0.5,0.5,295.6923076923077,1,2020,1
0.4,0.4,0.35,0.4,0.6666666666666666,298.07142857142856,1,2020,1
0.4,0.2,0.5416666666666666,0.75,0.5,316.5,1,2020,1
0.6,0.4,0.45,0.6666666666666666,0.6666666666666666,351.4,0,2020,1
0.4,0.2,0.34782608695652173,0.3333333333333333,0.6,317.47058823529414,1,2020,1
0.6,0.2,0.68,0.5,0.6666666666666666,299.8,1,2020,1
0.6,0.2,0.4,0.8,0.0,316.55555555555554,1,2020,0
0.8,0.8,0.5,0.0,0.6,301.4375,1,2020,0
0.4,0.8,0.4166666666666667,0.5,0.5,348.72727272727275,1,2020,1
0.2,0.6,0.6521739130434783,0.5,0.6666666666666666,316.7894736842105,1,2020,1
0.6,0.2,0.47619047619047616,0.6,0.3333333333333333,316.65,1,2020,1
0.6,0.0,0.48,0.6666666666666666,0.6666666666666666,345.1666666666667,1,2020,0
0.6,0.8,0.23076923076923078,0.5714285714285714,0.6666666666666666,303.0,1,2020,0
0.2,0.6,0.47619047619047616,0.25,0.42857142857142855,316.2857142857143,1,2020,0
0.4,0.8,0.6818181818181818,0.5,0.75,345.38461538461536,1,2020,0
0.4,0.2,0.6363636363636364,0.5,0.4,304.1578947368421,1,2020,0
0.8,0.2,0.4,0.6666666666666666,0.3333333333333333,321.1304347826087,1,2020,0
0.4,0.6,0.56,0.4444444444444444,0.5,301.5,1,2020,0
0.4,0.2,0.6190476190476191,0.2,0.5714285714285714,321.5416666666667,0,2020,0
0.2,0.8,0.41379310344827586,0.3333333333333333,0.5,346.7142857142857,0,2020,0
0.4,0.4,0.44,0.42857142857142855,0.625,321.08,0,2020,1
0.2,0.6,0.5416666666666666,0.4,0.0,295.1904761904762,0,2020,1
0.8,0.2,0.375,0.5,0.5714285714285714,317.96153846153845,1,2020,0
0.8,0.4,0.5238095238095238,0.7142857142857143,0.5,296.72727272727275,1,2020,0
0.2,0.6,0.6923076923076923,0.3333333333333333,0.75,338.93333333333334,0,2020,0
0.2,0.4,0.5185185185185185,0.5555555555555556,0.5714285714285714,317.1111111111111,0,2020,1
0.6,0.6,0.34615384615384615,0.6666666666666666,0.625,300.82608695652175,0,2020,0
0.2,0.4,0.38095238095238093,0.5,0.625,318.2857142857143,0,2020,0
0.8,0.4,0.4,0.5,0.5714285714285714,302.0416666666667,0,2020,0
0.4,0.6,0.48,0.5,0.0,319.37931034482756,0,2020,0
0.4,0.4,0.46153846153846156,0.5,0.0,336.4375,0,2020,0
0.2,0.6,0.5238095238095238,0.3333333333333333,0.16666666666666666,316.1,0,2020,1
0.6,0.4,0.36363636363636365,0.4,0.4,304.8,0,2020,0
0.4,0.2,0.5416666666666666,0.5,0.0,304.88461538461536,0,2020,0
0.6,0.6,0.52,0.6666666666666666,0.25,330.8235294117647,0,2020,0
0.6,0.2,0.5384615384615384,0.16666666666666666,0.4444444444444444,316.2903225806452,0,2020,1
0.2,0.8,0.4444444444444444,0.4,0.25,304.9259259259259,0,2020,0
0.2,0.8,0.4642857142857143,0.2,0.4,303.42857142857144,1,2020,1
0.4,0.6,0.4444444444444444,0.4,0.2857142857142857,317.125,1,2020,0
0.8,0.0,0.6296296296296297,0.625,0.2222222222222222,312.9824561403509,0,2021,0
0.6,0.4,0.6521739130434783,0.5,0.3333333333333333,320.64383561643837,0,2021,0
0.4,0.8,0.6428571428571429,0.2222222222222222,0.2857142857142857,313.08620689655174,0,2021,1
0.6,0.6,0.38095238095238093,0.45454545454545453,0.5,321.4189189189189,0,2021,1
0.6,0.6,0.7777777777777778,0.5555555555555556,0.3,313.9491525423729,0,2021,1
0.2,0.6,0.42857142857142855,0.3,0.25,313.6166666666667,0,2021,1
0.6,0.4,0.5,0.4,0.4444444444444444,322.97333333333336,0,2021,0
0.6,0.6,0.34782608695652173,0.5,0.4666666666666667,322.63157894736844,0,2021,0
0.6,0.4,0.5,0.6,0.2222222222222222,313.26229508196724,1,2021,1
0.4,0.4,0.46153846153846156,0.36363636363636365,0.2727272727272727,312.83870967741933,1,2021,1
0.4,0.4,0.5769230769230769,0.46153846153846156,0.36363636363636365,321.2077922077922,0,2021,0
0.8,0.6,0.6086956521739131,0.5,0.5,322.12820512820514,0,2021,1
0.8,0.6,0.5714285714285714,0.6363636363636364,0.25,313.74603174603175,1,2021,0
0.2,0.2,0.46153846153846156,0.16666666666666666,0.2,313.140625,1,2021,0
0.8,0.4,0.6363636363636364,0.5294117647058824,0.1111111111111111,322.24050632911394,0,2021,1
0.4,0.6,0.45454545454545453,0.45454545454545453,0.3,323.4875,0,2021,0
0.6,0.2,0.5384615384615384,0.5833333333333334,0.14285714285714285,312.03076923076924,0,2021,0
0.4,0.2,0.5454545454545454,0.1,0.4166666666666667,323.91358024691357,0,2021,0
0.8,0.8,0.64,0.5555555555555556,0.36363636363636365,323.219512195122,1,2021,1
0.4,0.2,0.3333333333333333,0.0,0.0,313.9166666666667,0,2021,0
0.8,0.6,0.52,1.0,0.5,308.9230769230769,0,2021,1
0.2,0.8,0.3333333333333333,0.6666666666666666,0.75,310.3243243243243,1,2021,0
0.4,0.4,0.5,0.4444444444444444,0.36363636363636365,310.7733333333333,0,2021,0
0.2,0.4,0.56,0.3333333333333333,0.3333333333333333,311.2142857142857,0,2021,0
0.2,0.8,0.5384615384615384,0.0,1.0,311.1333333333333,0,2021,1
1.0,0.6,0.4,0.7777777777777778,0.4166666666666667,311.19736842105266,0,2021,0
0.4,0.2,0.5909090909090909,0.4,0.6153846153846154,312.83116883116884,0,2021,1
0.4,0.6,0.5555555555555556,0.3333333333333333,0.5,311.9375,0,2021,0
0.8,0.6,0.3870967741935484,0.6666666666666666,0.375,317.0,1,2021,1
0.6,0.2,0.48148148148148145,0.3333333333333333,0.45454545454545453,305.41379310344826,1,2021,0
0.4,0.4,0.5454545454545454,0.14285714285714285,0.5,316.2647058823529,0,2021,1
0.2,0.6,0.5,0.6,0.36363636363636365,317.74285714285713,1,2021,0
0.4,0.4,0.7857142857142857,0.6666666666666666,0.5,301.43333333333334,0,2021,0
0.4,0.8,0.34615384615384615,0.4,0.25,329.1111111111111,0,2021,0
0.6,0.6,0.4782608695652174,0.3333333333333333,0.625,301.83870967741933,0,2021,1
0.4,0.2,0.4444444444444444,0.8,0.4,328.2631578947368,0,2021,1
0.2,0.4,0.35714285714285715,0.4444444444444444,0.3333333333333333,316.5,0,2021,1
0.6,0.8,0.34782608695652173,0.5384615384615384,0.5,301.0,1,2021,0
0.6,0.0,0.6086956521739131,0.25,0.5454545454545454,315.4054054054054,1,2021,0
0.4,0.4,0.4444444444444444,0.3333333333333333,0.6,302.27272727272725,0,2021,0
0.8,0.6,0.4230769230769231,0.8,0.25,324.1,0,2021,0
0.4,0.4,0.43478260869565216,0.2222222222222222,0.5,315.8157894736842,0,2021,0
0.2,0.8,0.32,0.3333333333333333,0.4,320.9047619047619,0,2021,0
0.6,0.4,0.6785714285714286,0.5,0.4444444444444444,315.46153846153845,0,2021,0
0.8,0.4,0.625,0.5714285714285714,0.5555555555555556,301.38235294117646,0,2021,0
0.4,0.8,0.5517241379310345,0.5,0.6666666666666666,318.72727272727275,0,2021,0
0.4,0.4,0.4444444444444444,0.3333333333333333,0.8333333333333334,316.2173913043478,1,2021,1
0.2,0.6,0.3103448275862069,0.5833333333333334,0.4,315.9,1,2021,0
0.8,0.8,0.625,0.7,0.4166666666666667,313.9024390243902,0,2021,0
0.4,0.2,0.4782608695652174,0.5,0.4,316.4583333333333,0,2021,0
0.2,0.6,0.5172413793103449,0.3333333333333333,0.2857142857142857,303.6,0,2021,1
0.6,0.2,0.5217391304347826,0.4,0.4,311.16,0,2021,1
0.6,0.4,0.625,0.6363636363636364,0.5,312.9761904761905,0,2021,0
0.8,0.6,0.38461538461538464,0.46153846153846156,0.5454545454545454,312.04651162790697,0,2021,0
0.4,0.4,0.5185185185185185,0.6363636363636364,0.42857142857142855,302.8888888888889,1,2021,1
0.6,0.4,0.4,0.42857142857142855,0.5833333333333334,312.45454545454544,0,2021,0
0.8,0.6,0.4642857142857143,0.42857142857142855,0.5,309.03846153846155,1,2021,0
0.4,0.8,0.4074074074074074,0.7142857142857143,0.5714285714285714,307.85185185185185,0,2021,0
0.4,0.8,0.6666666666666666,0.6153846153846154,0.5,313.1777777777778,0,2021,1
0.4,0.8,0.68,0.5789473684210527,0.09090909090909091,323.09638554216866,0,2022,0
0.6,0.6,0.4642857142857143,0.5,0.0,282.94117647058823,0,2022,0
0.6,0.4,0.5333333333333333,0.75,0.0,349.27272727272725,0,2022,0
0.5,0.5,0.5,0.5,0.5,322.39285714285717,0,2022,0
0.2,0.4,0.5833333333333334,0.3333333333333333,0.3333333333333333,318.5,0,2022,1
0.8,0.4,0.5517241379310345,1.0,0.3333333333333333,290.1666666666667,0,2022,0
0.4,0.0,0.5,0.5,0.5,349.8333333333333,0,2022,0
0.6,0.6,0.3448275862068966,0.42857142857142855,0.16666666666666666,322.3529411764706,0,2022,0
0.4,0.6,0.4583333333333333,0.5,0.7142857142857143,288.57894736842104,0,2022,1
1.0,0.4,0.5,0.5,0.6666666666666666,320.2608695652174,0,2022,1
0.6,0.4,0.36,0.0,0.3333333333333333,355.3076923076923,0,2022,1
0.5,0.2,0.5,0.5,0.3333333333333333,292.3,0,2022,1
0.6,0.4,0.4166666666666667,0.46153846153846156,0.3333333333333333,321.83720930232556,0,2022,0
0.4,0.6,0.7586206896551724,0.6666666666666666,1.0,320.5833333333333,0,2022,0
0.2,0.6666666666666666,0.5,0.5,1.0,293.9047619047619,0,2022,0
0.6,1.0,0.5,0.5,0.5,351.7857142857143,0,2022,0
0.4,0.2,0.6923076923076923,0.75,0.2857142857142857,294.3636363636364,0,2022,0
0.4,0.6,0.5862068965517241,0.5,0.5,320.68,0,2022,0
0.2,0.6,0.39285714285714285,0.3333333333333333,0.0,353.6,0,2022,1
0.4,0.75,0.5,0.42857142857142855,0.0,322.0689655172414,0,2022,1
1.0,0.4,0.5,0.5,0.375,295.0,0,2022,0
0.2,0.6,0.6666666666666666,0.6,0.5,296.4583333333333,0,2022,1
0.6,0.2,0.42857142857142855,0.0,0.4,320.0,0,2022,1
0.75,0.6,0.5,0.0,0.6666666666666666,300.96,0,2022,1
0.6,0.4,0.6666666666666666,0.0,0.5,355.625,0,2022,0
0.6,0.4,0.5555555555555556,0.38461538461538464,0.4166666666666667,322.125,0,2022,1
0.6,0.0,0.5,1.0,0.6666666666666666,355.3529411764706,0,2022,1
0.6,0.6,0.4642857142857143,0.5,0.4444444444444444,302.7307692307692,0,2022,0
0.2,0.8,0.5,0.8333333333333334,1.0,322.3703703703704,0,2022,0
0.6,0.4,0.375,0.5,0.0,356.72222222222223,0,2022,1
0.8,0.8,0.5,0.4,1.0,302.74074074074076,0,2022,1
0.4,0.4,0.5357142857142857,0.3333333333333333,0.5,360.42105263157896,0,2022,0
0.0,0.2,0.59375,0.625,0.6666666666666666,304.2142857142857,0,2022,0
0.6,0.4,0.5,0.4666666666666667,0.38461538461538464,322.5730337078652,0,2022,1
0.8,0.4,0.5,0.5,0.6666666666666666,304.44827586206895,1,2022,1
0.8,0.8,0.43333333333333335,1.0,0.6666666666666666,354.1,0,2022,0
0.6,0.0,1.0,0.0,0.6119402985074627,323.75555555555553,0,2022,1
0.4,0.4,0.38461538461538464,0.4,0.55,323.4945054945055,0,2022,1
0.6,0.6,0.4,0.5,0.6,322.9642857142857,0,2022,1
1.0,0.8,1.0,0.2222222222222222,1.0,323.92391304347825,0,2022,0
0.2,0.4,0.5517241379310345,0.23076923076923078,0.35714285714285715,324.6774193548387,0,2022,0
0.6,0.4,0.5,0.5,0.16666666666666666,320.7586206896552,0,2022,1
0.4,0.8,0.5,0.5,1.0,343.9047619047619,1,2022,0
0.8,0.0,0.48,0.5,0.5555555555555556,304.43333333333334,0,2022,0
0.6,0.6,1.0,0.3333333333333333,0.4,324.3723404255319,1,2022,1
0.4,0.8,0.6666666666666666,0.7142857142857143,0.25,319.6,0,2022,1
0.6,0.0,0.4,0.5,0.21428571428571427,325.0,0,2022,0
1.0,0.4,1.0,0.6666666666666666,0.3333333333333333,304.9032258064516,1,2022,0
0.4,0.6,0.32142857142857145,0.5,0.75,321.9032258064516,0,2022,1
0.4,0.6,0.4838709677419355,0.6,0.75,343.90909090909093,0,2022,1
0.2,0.8,0.5,0.6,1.0,346.04347826086956,0,2022,1
0.4,0.6,0.391304347826087,0.4375,0.47058823529411764,324.84375,1,2022,0
0.8,0.2,0.5,1.0,1.0,322.25,0,2022,1
0.4,0.4,0.41935483870967744,0.42857142857142855,0.2,325.4020618556701,1,2022,1
0.4,0.6,0.6153846153846154,0.7142857142857143,0.3333333333333333,304.375,0,2022,1
0.2,0.4,0.26666666666666666,0.5,0.6,305.0,0,2022,1
0.6,0.8,1.0,1.0,1.0,320.8787878787879,1,2022,1
0.6,0.4,0.52,0.4,0.25,304.20588235294116,0,2022,0
0.6,0.4,0.42424242424242425,0.5238095238095238,0.6029411764705882,325.31632653061223,0,2022,0
0.4,0.4,0.5517241379310345,0.25,0.3333333333333333,346.1666666666667,0,2022,1
0.4,0.2,0.6451612903225806,0.8,0.2,318.0882352941176,1,2022,1
0.4,0.6,0.0,0.5,1.0,324.050505050505,1,2022,0
0.4,0.8,1.0,0.6,1.0,346.88,1,2022,1
0.6,0.6,0.4482758620689655,0.4,0.5,304.6857142857143,0,2022,1
0.0,0.6,0.42857142857142855,0.18181818181818182,0.6086956521739131,323.51,0,2022,1
0.6,0.6,1.0,0.6666666666666666,0.6,304.5833333333333,1,2022,1
0.6,0.4,1.0,1.0,0.4666666666666667,324.0990099009901,1,2022,0
0.4,0.4,0.6,0.25,0.6666666666666666,346.3076923076923,1,2022,0
0.6,0.6,0.4838709677419355,0.375,0.6,324.2352941176471,0,2022,0
0.2,0.4,0.5517241379310345,0.25,0.4117647058823529,324.18446601941747,1,2022,0
0.6,0.4,0.0,0.2222222222222222,0.5,307.24675324675326,0,2022,0
0.6,0.6,1.0,0.4,0.5,308.1666666666667,0,2022,1
0.8,0.6,0.5,0.6666666666666666,0.5833333333333334,313.1764705882353,0,2022,0
0.6,0.6,0.0,0.6153846153846154,0.5,313.44444444444446,1,2022,0
0.2,0.8,0.0,0.0,1.0,310.7894736842105,0,2023,0
0.4,0.6,1.0,0.5,0.5,322.702024291498,0,2023,1
0.6,0.6,0.3333333333333333,0.5357142857142857,0.5714285714285714,321.57142857142856,0,2023,1
0.6,0.6,0.5666666666666667,0.75,0.47368421052631576,317.375,0,2023,0
0.6,0.2,0.6,0.3333333333333333,0.5161290322580645,304.984375,0,2023,1
0.2,0.4,0.0,0.7142857142857143,0.5,311.6119402985075,0,2023,1
0.4,0.8,0.0,0.42857142857142855,0.5,313.7564102564103,0,2023,0
0.6,0.6,0.375,0.5,0.5,322.702024291498,0,2023,1
0.4,0.6,0.5333333333333333,0.6081081081081081,0.45454545454545453,309.32911392405066,0,2023,1
0.2,0.4,0.0,0.5,1.0,336.0,1,2023,0
0.4,0.2,0.5882352941176471,0.6056338028169014,0.4782608695652174,324.11538461538464,0,2023,0
0.4,0.4,0.5,0.0,0.5,389.0,0,2023,1
0.8,0.6,1.0,1.0,0.25,313.25,1,2023,0
0.8,0.2,0.4666666666666667,0.4,0.5079365079365079,305.4307692307692,0,2023,0
0.6,0.6,1.0,0.4805194805194805,0.5,317.69135802469134,0,2023,0
0.2,0.4,0.46875,0.4225352112676056,0.46153846153846156,313.8987341772152,0,2023,0
0.6,0.4,0.4230769230769231,0.14285714285714285,0.7192982456140351,313.2352941176471,0,2023,1
0.6,0.8,0.5,0.543859649122807,0.5,321.8421052631579,0,2023,0
0.4,0.6,0.3125,0.18181818181818182,0.6133333333333333,309.55,0,2023,1
0.6,0.6,1.0,1.0,0.5,292.0,0,2023,0
0.4,0.0,0.5714285714285714,0.47435897435897434,0.4,319.0,0,2023,1
0.8,0.6,1.0,0.6666666666666666,0.5714285714285714,317.9047619047619,0,2023,0
0.4,0.4,0.2903225806451613,0.26666666666666666,0.5972222222222222,324.03809523809525,0,2023,0
0.4,0.4,0.6551724137931034,0.5555555555555556,0.4810126582278481,319.0722891566265,0,2023,1
0.6,0.4,0.5172413793103449,0.6363636363636364,0.515625,305.1666666666667,0,2023,1
0.6,0.8,0.0,0.5,0.6808510638297872,303.48936170212767,0,2023,1
0.4,0.6,0.43333333333333335,0.5714285714285714,0.5344827586206896,321.58620689655174,0,2023,1
0.4,0.0,0.5333333333333333,0.5,0.4166666666666667,314.2875,0,2023,0
0.4,0.6,0.32142857142857145,0.25,0.7068965517241379,313.72463768115944,0,2023,0
0.4,0.6,0.4482758620689655,0.4444444444444444,0.6027397260273972,324.4811320754717,0,2023,1
0.6,0.6,1.0,0.5,0.6666666666666666,301.3333333333333,1,2023,1
0.4,0.6,0.48148148148148145,0.475,0.5,320.5595238095238,0,2023,1
0.8,0.4,0.6538461538461539,0.45454545454545453,0.6052631578947368,311.0740740740741,0,2023,1
0.2,0.4,0.5,0.625,0.5076923076923077,306.13432835820896,1,2023,1
0.6,0.6,0.0,0.5,0.5,319.6363636363636,0,2023,1
0.2,0.6,0.5483870967741935,0.6153846153846154,0.48148148148148145,321.15294117647056,0,2023,1
0.6,0.8,0.4444444444444444,0.6666666666666666,0.5,303.375,1,2023,1
0.6,0.4,0.5,0.5,0.5254237288135594,321.6271186440678,0,2023,1
0.4,0.4,0.45454545454545453,0.5714285714285714,0.4246575342465753,313.55555555555554,1,2023,1
0.2,0.6,0.5,0.5974025974025974,1.0,312.4146341463415,0,2023,0
0.6,0.4,0.5555555555555556,0.711864406779661,0.25,313.12857142857143,1,2023,0
0.6,0.6,0.46153846153846156,0.5,0.5945945945945946,325.32710280373834,1,2023,0
0.6,0.6,0.6666666666666666,0.5,0.5,291.75,1,2023,1
0.4,0.8,0.0,0.6,0.6,321.3478260869565,1,2023,1
0.6,0.6,0.4666666666666667,0.5166666666666667,0.5,323.9,0,2023,0
0.2,0.4,0.6363636363636364,0.625,0.5,305.7647058823529,1,2023,1
0.4,0.6,0.25,0.673469387755102,0.5,304.7755102040816,1,2023,0
0.6,0.4,0.5714285714285714,0.5384615384615384,0.7,314.36619718309856,0,2023,0
0.6,0.6,0.5862068965517241,0.6666666666666666,0.4189189189189189,314.4268292682927,1,2023,0
0.2,0.2,0.6153846153846154,0.66,0.2,303.42,1,2023,0
0.8,0.4,1.0,0.5,0.5,318.5833333333333,0,2023,1
0.4,0.4,0.3548387096774194,0.2727272727272727,0.5897435897435898,312.9759036144578,1,2023,0
0.6,0.4,0.41935483870967744,0.5,0.6,326.25925925925924,0,2023,0
0.4,0.8,0.6296296296296297,0.7049180327868853,0.3,313.875,1,2023,1
0.6,0.2,0.5384615384615384,0.5949367088607594,0.2,313.54761904761904,0,2023,0
0.6,0.8,0.5,0.6052631578947368,0.75,326.92660550458714,0,2023,1
0.4,0.6,0.5,0.45454545454545453,0.4266666666666667,315.0722891566265,0,2023,1
0.4,0.2,0.0,0.4925373134328358,0.5,306.2173913043478,1,2023,0
0.4,0.6,0.6666666666666666,0.7096774193548387,0.25,313.7808219178082,1,2023,0
0.4,0.4,0.5,0.42857142857142855,0.6470588235294118,305.921568627451,1,2023,1
0.6,0.4,0.5,0.5714285714285714,0.5,321.76,0,2023,1
0.4,0.8,1.0,0.3333333333333333,0.5,254.33333333333334,0,2023,1
0.4,0.4,0.45161290322580644,0.5,0.5,322.702024291498,0,2023,1
0.4,0.4,0.53125,0.4852941176470588,0.2,307.0857142857143,0,2023,0
0.4,0.2,0.4,0.0,0.5,411.0,0,2023,0
0.4,0.6,0.6428571428571429,0.7,0.42105263157894735,314.92857142857144,1,2023,1
0.4,0.6,1.0,0.0,0.5875,313.38823529411764,0,2023,1
0.2,0.6,0.43333333333333335,0.23076923076923078,0.6103896103896104,327.6727272727273,0,2023,0
0.6,0.6,0.5,0.47560975609756095,0.5,321.8255813953488,0,2023,0
0.6,0.8,0.0,0.6984126984126984,0.5,313.47297297297297,0,2023,1
0.6,0.6,0.0,0.5,0.0,313.68,1,2023,1
0.6,0.8,0.3333333333333333,0.625,0.3333333333333333,322.53846153846155,0,2023,1
0.6,0.8,0.75,0.6666666666666666,0.0,325.55555555555554,0,2023,0
0.4,0.8,0.3333333333333333,0.4166666666666667,0.703125,313.2763157894737,1,2024,0
0.4,0.2,0.46875,0.5,0.5,322.702024291498,0,2024,0
0.6,0.2,0.6470588235294118,0.5802469135802469,0.25,313.8255813953488,0,2024,1
0.4,0.6,0.6666666666666666,0.6346153846153846,1.0,304.46153846153845,1,2024,1
0.6,0.6,0.5,0.6,0.25,327.67857142857144,0,2024,1
0.4,0.4,0.5483870967741935,0.4166666666666667,0.46987951807228917,322.6666666666667,0,2024,0
0.8,0.6,0.4,0.7076923076923077,0.0,313.7402597402597,0,2024,1
0.0,0.4,0.41935483870967744,0.4782608695652174,0.6666666666666666,308.01408450704224,0,2024,1
0.6,0.2,0.5185185185185185,0.6415094339622641,0.3333333333333333,305.62264150943395,0,2024,1
0.6,0.6,0.4375,0.47619047619047616,0.6428571428571429,323.02272727272725,0,2024,0
0.6,0.4,0.6666666666666666,0.42857142857142855,1.0,267.85714285714283,1,2024,1
0.2,0.4,0.3333333333333333,0.3333333333333333,0.6363636363636364,327.7586206896552,1,2024,0
0.2,1.0,0.3448275862068966,0.5,0.5,322.702024291498,1,2024,1
0.4,0.8,0.5555555555555556,0.6153846153846154,0.47368421052631576,328.3333333333333,0,2024,0
0.6,0.4,0.25,1.0,0.47058823529411764,323.5280898876405,0,2024,1
0.6,0.4,0.5161290322580645,0.5,1.0,362.0,1,2024,1
0.6,0.2,0.6666666666666666,0.6666666666666666,0.25,327.8333333333333,0,2024,0
0.8,0.2,0.6896551724137931,0.5,0.4857142857142857,311.0,0,2024,0
0.2,0.8,0.5172413793103449,0.5,0.6481481481481481,306.5925925925926,0,2024,0
0.2,0.2,0.5454545454545454,0.6075949367088608,0.35294117647058826,327.6517857142857,0,2024,1
0.6,0.4,0.0,0.5,1.0,281.5,1,2024,1
0.8,0.6,0.35714285714285715,0.3076923076923077,0.7121212121212122,314.1923076923077,0,2024,0
0.4,0.4,0.5483870967741935,0.5,1.0,351.0,0,2024,1
1.0,0.4,0.2,0.6545454545454545,1.0,307.7818181818182,0,2024,0
0.2,0.2,0.40625,0.47058823529411764,0.6125,328.6371681415929,0,2024,0
0.6,0.2,1.0,0.5555555555555556,0.0,282.77777777777777,1,2024,0
0.4,0.8,0.38461538461538464,0.5,0.5,356.5,0,2024,0
0.6,0.4,0.4444444444444444,0.5,0.6172839506172839,329.219298245614,0,2024,1
0.6,0.6,1.0,0.5,0.5853658536585366,314.95402298850576,0,2024,0
0.6,0.2,0.5151515151515151,0.2727272727272727,0.46511627906976744,323.64444444444445,0,2024,1
0.8,0.8,0.5185185185185185,0.5903614457831325,0.2727272727272727,315.04545454545456,0,2024,0
0.4,0.4,0.6666666666666666,0.6153846153846154,0.6666666666666666,330.1290322580645,0,2024,0
0.4,0.2,0.5161290322580645,0.5,0.3333333333333333,337.3333333333333,0,2024,1
0.6,0.6,0.3333333333333333,0.0,0.5,288.2,0,2024,0
0.8,0.6,0.47058823529411764,0.6,0.4155844155844156,315.56470588235294,0,2024,1
0.2,0.4,0.5,0.25,0.5,346.75,1,2024,0
0.6,0.0,0.5757575757575758,0.5833333333333334,0.4166666666666667,316.5280898876405,0,2024,1
0.6,0.8,0.5357142857142857,0.2857142857142857,0.6428571428571429,309.3392857142857,1,2024,0
0.4,0.6,0.25,0.7164179104477612,0.0,313.73417721518985,0,2024,0
0.4,0.4,0.5,0.41025641025641024,1.0,317.30232558139534,0,2024,1
0.0,0.8,0.4411764705882353,0.2727272727272727,0.49295774647887325,311.2739726027397,1,2024,1
0.6,0.2,0.65625,0.5882352941176471,0.25,317.93333333333334,0,2024,0
0.6,0.6,0.4411764705882353,0.4177215189873418,0.5,318.7586206896552,0,2024,1
0.6,0.8,0.25,0.5454545454545454,0.5,294.3636363636364,0,2024,0
0.4,0.8,0.6666666666666666,0.7058823529411765,0.23076923076923078,315.1,0,2024,1
0.4,0.2,0.6666666666666666,0.5714285714285714,0.5,325.46875,0,2024,0
0.8,0.4,0.4375,0.2222222222222222,0.5813953488372093,320.1868131868132,1,2024,0
0.4,0.4,0.25,0.0,0.5,302.75,0,2024,0
0.6,0.2,0.5357142857142857,0.7101449275362319,0.3333333333333333,315.48148148148147,0,2024,0
0.6,0.8,0.4074074074074074,0.4861111111111111,0.42857142857142855,312.1621621621622,1,2024,1
0.6,0.2,0.28125,0.25,0.6097560975609756,329.76521739130436,0,2024,1
0.4,0.4,0.5,1.0,0.45977011494252873,326.1208791208791,0,2024,0
0.4,0.4,0.5172413793103449,0.5,0.0,393.5,0,2024,1
0.6,0.6,0.25,0.5,0.5384615384615384,301.6923076923077,0,2024,1
0.6,0.2,0.4375,0.21428571428571427,0.6024096385542169,329.62931034482756,0,2024,0
0.6,0.8,0.4642857142857143,0.425,0.45454545454545453,320.8636363636364,0,2024,1
0.6,0.4,1.0,1.0,0.4931506849315068,313.3466666666667,1,2024,0
0.6,0.4,0.46875,0.5,0.0,364.3333333333333,0,2024,1
0.2,0.4,0.5,0.5333333333333333,0.25,327.90909090909093,0,2024,1
0.8,0.2,0.30303030303030304,0.5862068965517241,0.7692307692307693,320.07608695652175,0,2024,1
0.8,0.6,0.5666666666666667,0.4659090909090909,0.36363636363636365,325.82608695652175,0,2024,1
0.6,0.4,0.4642857142857143,0.25,0.7,315.5975609756098,1,2024,0
0.6,0.4,0.25,0.43209876543209874,0.5,322.0,0,2024,1
0.4,0.4,0.5925925925925926,0.5,1.0,365.0,1,2024,0
0.2,0.2,0.8,0.5,0.6071428571428571,329.77777777777777,0,2024,1
1.0,0.6,0.3225806451612903,0.47191011235955055,0.6,325.83870967741933,0,2024,1
0.6,0.4,0.4375,0.36363636363636365,0.5,313.5921052631579,1,2024,0
0.6,0.8,0.3142857142857143,0.25,0.4,330.8235294117647,1,2024,0
1.0,0.2,0.5,0.6,0.6,330.6,0,2024,0
0.6,0.2,0.42857142857142855,0.21428571428571427,0.2222222222222222,315.2409638554217,0,2024,1
0.6,1.0,0.3055555555555556,0.26666666666666666,0.2857142857142857,315.2261904761905,1,2024,0
1.0,0.8,0.5882352941176471,0.5909090909090909,0.38461538461538464,319.81720430107526,0,2025,0
0.6,0.2,0.4482758620689655,0.5066666666666667,0.375,315.09090909090907,0,2025,1
0.2,0.4,0.5405405405405406,0.5333333333333333,0.704225352112676,314.18823529411765,0,2025,0
0.4,0.6,0.6,0.5,0.5,400.0,0,2025,0
0.4,0.4,0.4,0.4,0.5625,331.02777777777777,0,2025,1
0.2,0.8,0.42857142857142855,0.3333333333333333,0.5,339.6666666666667,0,2025,0
0.6,0.2,0.25,0.5131578947368421,0.5,317.8205128205128,0,2025,0
0.8,0.6,0.34375,0.38461538461538464,0.7083333333333334,314.1744186046512,0,2025,1
0.2,0.2,0.6,0.5294117647058824,0.2,334.9189189189189,0,2025,1
0.2,0.4,0.4482758620689655,0.25,0.5,330.75,0,2025,1
0.4,0.6,0.4857142857142857,0.5,0.6666666666666666,406.6666666666667,1,2025,0
0.8,0.2,0.3235294117647059,0.29411764705882354,0.6,330.45762711864404,0,2025,0
0.4,0.4,0.75,0.5,0.5,306.7142857142857,0,2025,0
0.8,0.4,0.6,0.4777777777777778,0.5,326.72340425531917,0,2025,0
0.6,0.4,0.6756756756756757,0.5842696629213483,0.23076923076923078,320.1489361702128,0,2025,1
0.4,0.2,0.8333333333333334,0.4666666666666667,0.0,309.46666666666664,0,2025,1
0.8,0.4,0.36666666666666664,0.2727272727272727,0.6986301369863014,314.4942528735632,1,2025,1
0.4,0.6,0.5714285714285714,1.0,0.2,335.0,0,2025,1
0.2,0.6,0.25,0.5064935064935064,0.5,318.6455696202532,0,2025,0
0.6,0.2,0.3939393939393939,0.4444444444444444,0.6046511627906976,329.672268907563,0,2025,1
0.6,0.6,0.6,0.3333333333333333,0.5888888888888889,320.14736842105265,0,2025,1
0.6,0.2,0.43333333333333335,0.16666666666666666,0.5,339.1666666666667,1,2025,1
0.8,0.4,0.8333333333333334,0.5555555555555556,0.625,335.4736842105263,0,2025,1
0.6,0.8,0.5806451612903226,0.4725274725274725,0.3333333333333333,326.85263157894735,0,2025,0
0.2,0.4,0.6551724137931034,0.6891891891891891,0.3333333333333333,314.79545454545456,0,2025,0
0.8,0.6,0.8,0.5,0.5,314.75,0,2025,0
0.6,0.2,0.42424242424242425,0.3333333333333333,0.5,318.475,1,2025,0
0.4,0.6,0.45161290322580644,0.6491228070175439,0.4444444444444444,310.2631578947368,0,2025,0
0.2,1.0,0.5428571428571428,0.4666666666666667,0.43902439024390244,322.8333333333333,0,2025,1
0.8,0.0,0.6,0.5294117647058824,0.0,317.7647058823529,0,2025,0
0.6,0.6,0.36363636363636365,0.2857142857142857,0.5,350.7142857142857,1,2025,1
0.2,0.4,0.42424242424242425,0.2,0.5977011494252874,330.5083333333333,0,2025,0
0.6,0.6,0.48484848484848486,0.4673913043478261,0.38461538461538464,326.90625,0,2025,0
0.6,0.4,0.2,0.5,0.6379310344827587,310.91379310344826,1,2025,1
0.6,0.8,0.6,0.7142857142857143,0.5789473684210527,336.5128205128205,0,2025,0
0.6,0.4,0.5294117647058824,0.375,0.5,332.625,0,2025,0
0.2,0.6,0.47368421052631576,0.52,0.6022727272727273,330.4876033057851,0,2025,0
0.8,0.4,0.6666666666666666,1.0,0.5824175824175825,321.7291666666667,0,2025,1
0.8,0.4,0.5,0.5,0.5,318.6666666666667,0,2025,0
0.2,0.6,0.4117647058823529,0.5063291139240507,0.6153846153846154,320.61728395061726,0,2025,0
0.6,0.2,0.5,0.46236559139784944,0.4444444444444444,325.5257731958763,0,2025,1
0.2,0.2,0.6774193548387096,0.68,0.25,313.6179775280899,0,2025,0
0.8,0.6,0.14285714285714285,0.6067415730337079,0.6,330.672131147541,0,2025,1
0.4,0.6,0.375,0.42857142857142855,0.6,324.4891304347826,0,2025,0
0.8,0.0,0.8571428571428571,1.0,0.6271186440677966,311.7118644067797,0,2025,0
0.2,0.2,0.5454545454545454,0.45454545454545453,0.4235294117647059,324.51612903225805,0,2025,1
0.2,0.4,0.5161290322580645,0.6710526315789473,0.4,313.56666666666666,0,2025,0
1.0,0.2,0.5172413793103449,0.25,0.6333333333333333,313.53333333333336,0,2025,1
0.6,0.4,0.8,0.6,0.2,338.275,0,2025,1
0.8,0.2,0.36363636363636365,0.46808510638297873,0.5454545454545454,326.2755102040816,0,2025,1
0.6,0.4,0.4,0.0,0.5,378.75,0,2025,1
0.4,0.2,0.5172413793103449,0.5698924731182796,0.3333333333333333,320.92857142857144,1,2025,1
1.0,0.6,0.3333333333333333,0.6111111111111112,0.6,331.0406504065041,0,2025,0
0.4,0.2,0.36666666666666664,0.574468085106383,0.5,321.83838383838383,1,2025,0
0.2,0.8,0.5,0.4186046511627907,0.5,325.25531914893617,0,2025,0
0.4,0.2,0.3793103448275862,0.16666666666666666,0.6229508196721312,313.8688524590164,1,2025,1
0.2,0.2,0.8,0.47368421052631576,0.0,318.7368421052632,0,2025,0
0.2,0.2,0.5333333333333333,0.7272727272727273,0.38461538461538464,326.0842105263158,0,2025,0
0.8,0.0,0.5555555555555556,0.6043956043956044,0.3333333333333333,330.80645161290323,0,2025,1
0.2,0.8,0.3333333333333333,0.0,0.6190476190476191,340.0243902439024,0,2025,1
0.4,0.8,0.5142857142857142,0.5,1.0,323.35,0,2025,1
0.6,0.0,0.5,0.2857142857142857,0.2857142857142857,315.7096774193548,0,2025,0
0.2,0.6,0.42857142857142855,0.2,0.5909090909090909,342.3333333333333,1,2025,1
0.6,0.4,0.2894736842105263,0.625,0.5,326.59375,1,2025,1
0.8,0.6,0.53125,0.3333333333333333,0.25,317.26984126984127,0,2025,0
0.2,0.8,0.4,0.45,0.5,327.95238095238096,0,2025,0
0.6,0.8,0.5142857142857142,0.3333333333333333,1.0,330.77777777777777,0,2025,0
0.6,0.6,0.2857142857142857,0.5,0.5,322.702024291498,1,2025,1
0.6,0.4,0.5151515151515151,0.16666666666666666,0.5,343.13953488372096,0,2025,0
0.8,0.6,0.5,0.5,0.5714285714285714,344.65909090909093,0,2025,1
0.6,0.8,0.5277777777777778,0.3333333333333333,0.47368421052631576,327.26262626262627,0,2026,0
0.4,0.4,0.3142857142857143,0.2777777777777778,0.6086956521739131,330.568,0,2026,0
0.4,0.4,0.5161290322580645,0.0,0.4,336.2,0,2026,0
0.4,0.4,0.5,0.0,0.5,436.0,0,2026,0
0.2,0.2,0.42857142857142855,0.42857142857142855,0.6666666666666666,333.8181818181818,0,2026,0
0.6,0.4,0.3076923076923077,0.21428571428571427,0.5684210526315789,322.24,0,2026,1
0.4,0.6,0.5,0.6623376623376623,0.45454545454545453,314.34065934065933,0,2026,0
0.4,0.2,0.25,0.5882352941176471,0.5652173913043478,345.31111111111113,1,2026,1
0.6,0.4,0.5675675675675675,0.5,0.41379310344827586,327.82474226804123,0,2026,0
0.8,0.2,0.3333333333333333,0.49382716049382713,0.6666666666666666,317.9759036144578,0,2026,0
0.8,0.4,0.38235294117647056,0.4791666666666667,0.5,328.03,0,2026,1
0.6,0.4,0.4666666666666667,0.5,0.5,322.6666666666667,0,2026,1
0.0,0.6,0.5714285714285714,0.6666666666666666,0.42045454545454547,327.8061224489796,0,2026,1
0.0,0.4,0.3333333333333333,0.5567010309278351,0.5,319.96078431372547,0,2026,0
1.0,0.8,0.5151515151515151,0.5,0.5714285714285714,315.57142857142856,0,2026,0
0.2,0.6,0.6129032258064516,0.6538461538461539,0.3333333333333333,315.4782608695652,0,2026,1
0.6,0.6,0.5882352941176471,0.5,1.0,381.5,0,2026,0
0.6,0.2,0.42857142857142855,0.4090909090909091,0.3333333333333333,331.7391304347826,0,2026,0
0.8,0.4,0.4117647058823529,0.47368421052631576,0.6129032258064516,331.468253968254,0,2026,1
0.4,1.0,0.4666666666666667,0.4878048780487805,0.3333333333333333,317.95238095238096,0,2026,1
0.4,0.0,0.6451612903225806,0.6582278481012658,0.375,316.39784946236557,0,2026,1
0.4,0.8,0.3333333333333333,1.0,0.4845360824742268,329.3069306930693,0,2026,0
0.2,0.6,0.5,0.6063829787234043,0.47368421052631576,332.496062992126,0,2026,0
0.0,0.4,0.25,0.5,0.5416666666666666,346.80434782608694,1,2026,0
0.4,0.4,0.34375,0.4939759036144578,0.42857142857142855,318.6235294117647,0,2026,1
0.8,0.6,0.5757575757575758,0.4897959183673469,0.38461538461538464,328.97058823529414,0,2026,0
0.8,0.4,0.5,1.0,0.5,401.6666666666667,0,2026,1
0.8,0.0,0.4,0.3076923076923077,0.5510204081632653,320.378640776699,1,2026,0
0.2,0.6,0.375,0.14285714285714285,0.56,347.1063829787234,0,2026,1
0.6,0.6,0.4594594594594595,0.5,0.6,319.3139534883721,0,2026,1
0.6,0.4,0.6666666666666666,1.0,0.391304347826087,331.625,0,2026,1
0.4,0.2,0.46153846153846156,0.5,0.6,332.96875,0,2026,1
0.6,0.6,0.5,0.6666666666666666,0.48484848484848486,329.2135922330097,0,2026,0
0.6,0.6,0.5161290322580645,0.6129032258064516,0.3333333333333333,318.109375,0,2026,0
0.4,0.8,0.45714285714285713,0.4157303370786517,0.5,328.72727272727275,1,2026,0
0.6,0.6,0.5,0.6625,0.0,316.77659574468083,0,2026,0
0.2,0.6,0.38235294117647056,0.4111111111111111,0.6363636363636364,330.73,0,2026,0
0.8,0.4,0.4,1.0,0.5,414.75,0,2026,0
0.2,0.8,0.5714285714285714,0.59375,0.1875,332.7984496124031,1,2026,0
0.8,0.6,0.5714285714285714,0.5714285714285714,0.5384615384615384,346.1041666666667,0,2026,0
0.4,0.2,0.5,0.6031746031746031,0.375,320.24615384615385,1,2026,0
0.2,0.6,0.525,0.5,0.654320987654321,316.81052631578945,1,2026,0
1.0,0.2,0.325,0.5058823529411764,0.6666666666666666,320.6666666666667,1,2026,0
0.8,0.6,0.5714285714285714,0.5,0.5555555555555556,345.42857142857144,0,2026,0
0.0,0.2,0.75,0.5,0.5876288659793815,334.0230769230769,0,2026,0
0.4,0.6,0.375,0.4065934065934066,0.6666666666666666,328.96039603960395,1,2026,0
0.8,0.6,0.5714285714285714,0.5,0.3076923076923077,320.8181818181818,0,2026,1
0.0,0.6,0.2857142857142857,0.36,0.6666666666666666,328.9230769230769,0,2026,1
0.2,0.4,0.4117647058823529,0.40217391304347827,0.46153846153846156,328.8137254901961,0,2026,0
0.6,0.4,0.6666666666666666,0.6666666666666666,0.59375,322.22727272727275,0,2026,1
0.2,0.6,0.5,0.3333333333333333,0.6585365853658537,316.8333333333333,0,2026,0
0.4,0.4,0.5428571428571428,0.5,0.5,322.702024291498,0,2026,0
0.4,0.2,0.5,0.16666666666666666,0.5,345.3333333333333,0,2026,0
0.8,0.8,0.8333333333333334,0.5714285714285714,0.16666666666666666,345.12,0,2026,1
0.6,0.6,0.5714285714285714,0.5,1.0,333.0,0,2026,0
0.2,0.2,0.4857142857142857,0.14285714285714285,0.5,356.85714285714283,0,2026,0
0.8,0.2,0.42857142857142855,0.3333333333333333,0.38461538461538464,332.0,0,2026,0
0.6,1.0,0.2,0.5555555555555556,1.0,320.33653846153845,0,2026,1
0.6,0.0,0.5135135135135135,1.0,0.125,362.875,0,2026,1
0.4,0.4,0.4838709677419355,0.42857142857142855,0.3978494623655914,328.4271844660194,0,2026,0
0.6,0.6,0.6363636363636364,0.6626506024096386,0.29411764705882354,317.8041237113402,1,2026,0
0.4,0.2,0.2857142857142857,0.6666666666666666,0.5846153846153846,323.1044776119403,0,2026,0
0.4,0.6,0.6944444444444444,0.7142857142857143,0.56,321.7142857142857,0,2026,0
0.8,0.6,0.5555555555555556,0.5862068965517241,0.3333333333333333,343.3333333333333,0,2026,1
